dzr,artist,title,status,preview
213754,Dark Tranquillity,Insanity's Crescendo,would_create,
216752,Anorexia Nervosa,Stabat Mater Dolorosa,would_create,"https://cdnt-preview.dzcdn.net/api/1/1/2/9/2/0/292db9ba58b0551d557b8d718251152b.mp3?hdnea=exp=1760497533~acl=/api/1/1/2/9/2/0/292db9ba58b0551d557b8d718251152b.mp3*~data=user_id=0,application_id=42~hmac=50a391b962fd3e3958a7c39b3296e7d24b7273bbb0966639c021fd1fd53bb24f"
239138,Jimmy Witherspoon,Ain't Nobody's Business,would_create,"https://cdnt-preview.dzcdn.net/api/1/1/3/d/d/0/3dd4fa746e983fb20aae1545c8ecbdc1.mp3?hdnea=exp=1760497533~acl=/api/1/1/3/d/d/0/3dd4fa746e983fb20aae1545c8ecbdc1.mp3*~data=user_id=0,application_id=42~hmac=7856c6ae95607d86ea4a34b4a37bce01c780f4937d3b827b18217a3b67361b5d"
254391,Uniting Nations,Out of touch (Radio Edit),would_create,
266313,The Walkmen,Brandy alexander,would_create,"https://cdnt-preview.dzcdn.net/api/1/1/b/a/b/0/babc1f51b7d2d8cd96f2596f303a950f.mp3?hdnea=exp=1760497534~acl=/api/1/1/b/a/b/0/babc1f51b7d2d8cd96f2596f303a950f.mp3*~data=user_id=0,application_id=42~hmac=5388fc0990b0d9b459fc27c33ecd06176e836fd716146f91da6b8262459cfe71"
283306,Duke Ellington,Caravan,would_create,"https://cdnt-preview.dzcdn.net/api/1/1/0/9/9/0/099d2df6f218898558c0ffc3109ec8c3.mp3?hdnea=exp=1760497534~acl=/api/1/1/0/9/9/0/099d2df6f218898558c0ffc3109ec8c3.mp3*~data=user_id=0,application_id=42~hmac=5e70c995ab85ec29f18f1410ec9f93d445eed24b7cb11303ccbbd02f3ac3ebf6"
286183,Art Tatum,Tea for two,would_create,"https://cdnt-preview.dzcdn.net/api/1/1/5/d/7/0/5d7dedba531e4558bfc4cc46b1151ec2.mp3?hdnea=exp=1760497535~acl=/api/1/1/5/d/7/0/5d7dedba531e4558bfc4cc46b1151ec2.mp3*~data=user_id=0,application_id=42~hmac=5021e8c539f9270d2e5279f707b65e6775e14dcd8e94cf7605d5d89aeb1ed4fc"
301623,Ella Fitzgerald,Lullaby of Birdland,would_create,"https://cdnt-preview.dzcdn.net/api/1/1/d/6/1/0/d617884f81ac7265337f5981d2f8821e.mp3?hdnea=exp=1760497535~acl=/api/1/1/d/6/1/0/d617884f81ac7265337f5981d2f8821e.mp3*~data=user_id=0,application_id=42~hmac=7d29c28df723357aed4c938c3c010c89b0b4809b01d52c675b472c06b23eb513"
327203,cLOUDDEAD,Pop Song,would_create,
327207,cLOUDDEAD,Son Of A Gun,would_create,
364962,Boney M,Rasputin,would_create,"https://cdnt-preview.dzcdn.net/api/1/1/5/6/1/0/5615cf01cb62a54ad3690825af373cb1.mp3?hdnea=exp=1760497537~acl=/api/1/1/5/6/1/0/5615cf01cb62a54ad3690825af373cb1.mp3*~data=user_id=0,application_id=42~hmac=c47bc39272b7dbda864efa8405035708f6e64bc5cce28864de558621867a6aac"
365070,Leona Lewis,Better in Time,would_create,"https://cdnt-preview.dzcdn.net/api/1/1/a/2/9/0/a29039890219ee3630f27027cd382524.mp3?hdnea=exp=1760497537~acl=/api/1/1/a/2/9/0/a29039890219ee3630f27027cd382524.mp3*~data=user_id=0,application_id=42~hmac=5837720158535e1467deae44600d79fcc0199ba2bbbdabe409c6f687fd2da765"
365073,Leona Lewis,I Will Be,would_create,"https://cdnt-preview.dzcdn.net/api/1/1/d/b/a/0/dba00e73a09fe25de5b05d0004847aad.mp3?hdnea=exp=1760497538~acl=/api/1/1/d/b/a/0/dba00e73a09fe25de5b05d0004847aad.mp3*~data=user_id=0,application_id=42~hmac=e102880405838ffc132d2b497ef1030bc769aae857a32b9cd4a942c75a7dc80c"
365137,Leona Lewis,Bleeding Love,would_create,"https://cdnt-preview.dzcdn.net/api/1/1/7/b/4/0/7b4d3e368b71ce745c7f59e1ed0d9533.mp3?hdnea=exp=1760497538~acl=/api/1/1/7/b/4/0/7b4d3e368b71ce745c7f59e1ed0d9533.mp3*~data=user_id=0,application_id=42~hmac=989f724f51f34b8f89ff514e8dd22e70ad86977a464ec4ae03e6fb7f61f5343e"
365268,Mario,How Do I Breathe,would_create,
519036,Great Lake Swimmers,The Man With No Skin,would_create,
519039,Great Lake Swimmers,I Will Never See the Sun,would_create,
519111,Great Lake Swimmers,Bodies and Minds,would_create,
519113,Great Lake Swimmers,Falling Into the Sky,would_create,
519117,Great Lake Swimmers,Long Into the Evening,would_create,
520083,MORS PRINCIPIUM EST,Fragile Flesh,would_create,"https://cdnt-preview.dzcdn.net/api/1/1/6/1/7/0/617ca9a2e4d359d3da38e231457d47c1.mp3?hdnea=exp=1760497541~acl=/api/1/1/6/1/7/0/617ca9a2e4d359d3da38e231457d47c1.mp3*~data=user_id=0,application_id=42~hmac=0128a810387fcc4202adc5c1a927fcd6a0f5b8e1f918a274ce5cd1ac9b308047"
530652,The Bad Plus,Smells Like Teen Spirit,would_create,"https://cdnt-preview.dzcdn.net/api/1/1/a/9/4/0/a94291b0a7f099321d2fa2fe95864a6f.mp3?hdnea=exp=1760497542~acl=/api/1/1/a/9/4/0/a94291b0a7f099321d2fa2fe95864a6f.mp3*~data=user_id=0,application_id=42~hmac=d245242d96fe0dd71b3de9f6c8392ceb300dc7253b02895bec704a9b90128ea3"
531834,Charley Pride,I Can't Believe That You've Stopped Loving Me,would_create,"https://cdnt-preview.dzcdn.net/api/1/1/3/5/2/0/352eaf3e2d212082d2af5908e18bde41.mp3?hdnea=exp=1760497543~acl=/api/1/1/3/5/2/0/352eaf3e2d212082d2af5908e18bde41.mp3*~data=user_id=0,application_id=42~hmac=338f72747b54c25ff0679d0d03fda8a14681001f4a0ae7677ed4ad7cbdf6a9be"
531935,Kris Kristofferson,Me and Bobby McGee,would_create,"https://cdnt-preview.dzcdn.net/api/1/1/a/2/d/0/a2d050ca88e70c79b3773e306d34979d.mp3?hdnea=exp=1760497543~acl=/api/1/1/a/2/d/0/a2d050ca88e70c79b3773e306d34979d.mp3*~data=user_id=0,application_id=42~hmac=892a490aef4c4a81af7e0e73ef1c3b4714607b9fc89ce6e6e6138ede0c0d13d7"
531937,Kris Kristofferson,Sunday Mornin' Comin' Down,would_create,"https://cdnt-preview.dzcdn.net/api/1/1/c/b/d/0/cbd09c1ad688192039b29fd63bb57508.mp3?hdnea=exp=1760497544~acl=/api/1/1/c/b/d/0/cbd09c1ad688192039b29fd63bb57508.mp3*~data=user_id=0,application_id=42~hmac=f0fd81d7e5a873890fd1938339e89a97e3b4255e2e9e9390779b48458193423a"
531993,Diamond Rio,You're Gone,would_create,"https://cdnt-preview.dzcdn.net/api/1/1/6/2/f/0/62f20777cab1cfe155d5b6b4e3b2a85d.mp3?hdnea=exp=1760497544~acl=/api/1/1/6/2/f/0/62f20777cab1cfe155d5b6b4e3b2a85d.mp3*~data=user_id=0,application_id=42~hmac=bd7edc45e2ab6d39d9b43f9f6a9b3ff22d09233d2be6c31b799f05d39f2beda1"
532345,Savage Garden,Gunning Down Romance,would_create,
532439,Oasis,Don't Go Away,would_create,"https://cdnt-preview.dzcdn.net/api/1/1/2/e/4/0/2e4ba4fa5608c99859b7be84cf38ea6a.mp3?hdnea=exp=1760497545~acl=/api/1/1/2/e/4/0/2e4ba4fa5608c99859b7be84cf38ea6a.mp3*~data=user_id=0,application_id=42~hmac=e2d5bd773f0de12aea64c13742680b533588476f269c8a90d092f3b8c1567881"
532577,Savage Garden,Break Me Shake Me,would_create,
532605,Savage Garden,I Knew I Loved You,would_create,"https://cdnt-preview.dzcdn.net/api/1/1/5/1/5/0/515de4ba5d45a934ba07fa9fbc2fa70d.mp3?hdnea=exp=1760497546~acl=/api/1/1/5/1/5/0/515de4ba5d45a934ba07fa9fbc2fa70d.mp3*~data=user_id=0,application_id=42~hmac=a727038cfc4b56df903713df682352582664dcef7e940c081f9c066271a6a240"
532607,Savage Garden,Crash and Burn,would_create,"https://cdnt-preview.dzcdn.net/api/1/1/b/7/7/0/b774dd06d9f65695c2ad61c697e72916.mp3?hdnea=exp=1760497546~acl=/api/1/1/b/7/7/0/b774dd06d9f65695c2ad61c697e72916.mp3*~data=user_id=0,application_id=42~hmac=d49ae465add12f40d194342a7cdbf54f1a6e179ca969bea8265144def19e0f27"
532609,Savage Garden,The Animal Song,would_create,"https://cdnt-preview.dzcdn.net/api/1/1/8/8/c/0/88c7e9d722ec5ec4f5c38af96fb27ac7.mp3?hdnea=exp=1760497547~acl=/api/1/1/8/8/c/0/88c7e9d722ec5ec4f5c38af96fb27ac7.mp3*~data=user_id=0,application_id=42~hmac=33263669e2ac647c6f88c33e7a0c93e1c25410ef438b9be201e95a4ed4a19a7b"
532611,Savage Garden,Two Beds And A Coffee Machine,would_create,"https://cdnt-preview.dzcdn.net/api/1/1/a/c/a/0/aca5e2cc5385d82048a65f030cd860d3.mp3?hdnea=exp=1760497547~acl=/api/1/1/a/c/a/0/aca5e2cc5385d82048a65f030cd860d3.mp3*~data=user_id=0,application_id=42~hmac=e9f7b687ecbde48733859d2624f15a4eff41277108935cdcfeef3de620efceae"
533010,Savage Garden,I Don't Care,would_create,"https://cdnt-preview.dzcdn.net/api/1/1/3/3/9/0/339919de90a47c1eb8531d1b63bc6819.mp3?hdnea=exp=1760497547~acl=/api/1/1/3/3/9/0/339919de90a47c1eb8531d1b63bc6819.mp3*~data=user_id=0,application_id=42~hmac=99ce257ea689c802f019a4917025d2cbb5b350422fb5f1526da7548907cfbe86"
533620,Rory Gallagher,Moonchild,would_create,
533990,Will Young,Love The One You're With,would_create,"https://cdnt-preview.dzcdn.net/api/1/1/4/7/7/0/477edc8720334896e5d446e2af2eada2.mp3?hdnea=exp=1760497548~acl=/api/1/1/4/7/7/0/477edc8720334896e5d446e2af2eada2.mp3*~data=user_id=0,application_id=42~hmac=0c2d4201afedfdbf28df06df6746a62e84fffb6740b64e0d57b9ed4225f31f8c"
534083,Kelly Clarkson,Hear Me,would_create,"https://cdnt-preview.dzcdn.net/api/1/1/e/8/4/0/e8455ba6ec6833c03478f008574ee15c.mp3?hdnea=exp=1760497549~acl=/api/1/1/e/8/4/0/e8455ba6ec6833c03478f008574ee15c.mp3*~data=user_id=0,application_id=42~hmac=b77cade38f6db650a2cfa9c2bd2f218343213a43a9ad21c302279ec8fe8ce035"
534503,Sly & The Family Stone,Stand!,would_create,"https://cdnt-preview.dzcdn.net/api/1/1/3/b/4/0/3b4085697c72d0c02b73acabe9a2f562.mp3?hdnea=exp=1760497549~acl=/api/1/1/3/b/4/0/3b4085697c72d0c02b73acabe9a2f562.mp3*~data=user_id=0,application_id=42~hmac=84a756b7eee5f477b050fe7253166f647e46e7e04f3f142e481fc88f2fffd6d9"
534506,Sly & The Family Stone,Somebody's Watching You,would_create,"https://cdnt-preview.dzcdn.net/api/1/1/3/9/b/0/39b0aec8d25f66645916ec126a1360b3.mp3?hdnea=exp=1760497550~acl=/api/1/1/3/9/b/0/39b0aec8d25f66645916ec126a1360b3.mp3*~data=user_id=0,application_id=42~hmac=1c6f98042ba37ed459b51d6e105355c6ed868ca3c01026e84861be4601d7044d"
534508,Sly & The Family Stone,Everyday People,would_create,"https://cdnt-preview.dzcdn.net/api/1/1/6/7/8/0/6781cded6ea316cd62c128d648fffba4.mp3?hdnea=exp=1760497550~acl=/api/1/1/6/7/8/0/6781cded6ea316cd62c128d648fffba4.mp3*~data=user_id=0,application_id=42~hmac=1960f8120c041f434299d16725ff1d9e64d64969f39af27c82cd43f5d2ec85f6"
534574,Sly & The Family Stone,Dance to the Music,would_create,"https://cdnt-preview.dzcdn.net/api/1/1/b/4/a/0/b4acb89d48e3048cde5780650dc7dd47.mp3?hdnea=exp=1760497550~acl=/api/1/1/b/4/a/0/b4acb89d48e3048cde5780650dc7dd47.mp3*~data=user_id=0,application_id=42~hmac=d851a3184f7b9834af35aaaf6ca6f6da7388522fccb17b22c971023b9ef04ac4"
534752,Mario Vazquez,Gallery,would_create,"https://cdnt-preview.dzcdn.net/api/1/1/2/3/4/0/2348eac53be36e0e31e89fe32ab25a12.mp3?hdnea=exp=1760497551~acl=/api/1/1/2/3/4/0/2348eac53be36e0e31e89fe32ab25a12.mp3*~data=user_id=0,application_id=42~hmac=a821e60a26c132b663f0df4c211d61bb96e42be4f8116453f9a35378796b7dde"
535166,Prefab Sprout,Bonny (2007 Remastered Version),would_create,
535168,Prefab Sprout,When Love Breaks Down (2007 Remastered Version),would_create,
535298,Toni Braxton,You're Makin' Me High,would_create,
535299,Toni Braxton,Breathe Again,would_create,
535419,Collie Buddz,Blind To You (Explicit Album Version),would_create,"https://cdnt-preview.dzcdn.net/api/1/1/f/4/5/0/f4592b57d5180c85e09dced8d16e3803.mp3?hdnea=exp=1760497553~acl=/api/1/1/f/4/5/0/f4592b57d5180c85e09dced8d16e3803.mp3*~data=user_id=0,application_id=42~hmac=efdad07f374973c0c153083db54b62d5ddc1d4ce2294d9b04df3e62bfe35f839"
535901,Paul Potts,Caruso,would_create,"https://cdnt-preview.dzcdn.net/api/1/1/9/5/0/0/95050b57e3a058090611e0cde923cf67.mp3?hdnea=exp=1760497553~acl=/api/1/1/9/5/0/0/95050b57e3a058090611e0cde923cf67.mp3*~data=user_id=0,application_id=42~hmac=475fe789864520cb0332a46269078ba1b229b3793e0dfd4ff9b8317a36c6bee7"
536481,MGMT,Time to Pretend,would_create,"https://cdnt-preview.dzcdn.net/api/1/1/e/c/f/0/ecfd1e15af2459d516ff144f7735e0e5.mp3?hdnea=exp=1760497554~acl=/api/1/1/e/c/f/0/ecfd1e15af2459d516ff144f7735e0e5.mp3*~data=user_id=0,application_id=42~hmac=6e324874418403077ac2ce8eb6614f248c5a23c0492a4eeb28c10da0116a45e2"
536483,MGMT,The Youth,would_create,"https://cdnt-preview.dzcdn.net/api/1/1/8/d/f/0/8df3715b2ab94caaffe06247fe067ed7.mp3?hdnea=exp=1760497554~acl=/api/1/1/8/d/f/0/8df3715b2ab94caaffe06247fe067ed7.mp3*~data=user_id=0,application_id=42~hmac=9311ca99e7502430fdc073982cf3d2e721b8701a069c5c2b4cf7b607621a6b77"
536484,MGMT,Electric Feel,would_create,"https://cdnt-preview.dzcdn.net/api/1/1/9/1/a/0/91a0821300463cd04f48f768546610a5.mp3?hdnea=exp=1760497555~acl=/api/1/1/9/1/a/0/91a0821300463cd04f48f768546610a5.mp3*~data=user_id=0,application_id=42~hmac=51c691d167049a82fbb790897a0c4ac8a9cec7d0c9571aa5810565cba40bfaad"
536486,MGMT,4th Dimensional Transition,would_create,"https://cdnt-preview.dzcdn.net/api/1/1/a/b/a/0/aba7a2d7a3e152c4f8f165ef51ab6ca2.mp3?hdnea=exp=1760497555~acl=/api/1/1/a/b/a/0/aba7a2d7a3e152c4f8f165ef51ab6ca2.mp3*~data=user_id=0,application_id=42~hmac=70189e01ad02c43cf9c922f7e9fbf46822bb67372f6ee91a349dd50bf95433ac"
536488,MGMT,"Of Moons, Birds & Monsters",would_create,"https://cdnt-preview.dzcdn.net/api/1/1/d/d/3/0/dd3489b14203d120ec804ef6cddae794.mp3?hdnea=exp=1760497555~acl=/api/1/1/d/d/3/0/dd3489b14203d120ec804ef6cddae794.mp3*~data=user_id=0,application_id=42~hmac=da265477767b045ce4d0a06d64cb190a1b2469190e0800c73bc6b9badce9ce03"
536489,MGMT,The Handshake,would_create,"https://cdnt-preview.dzcdn.net/api/1/1/8/d/6/0/8d69b665f30a52d470a258206a78e556.mp3?hdnea=exp=1760497556~acl=/api/1/1/8/d/6/0/8d69b665f30a52d470a258206a78e556.mp3*~data=user_id=0,application_id=42~hmac=4fdf53e20a7a44d1ea0f00ab0adea775208fbe9f9cdd66cee663538a40370f44"
536490,MGMT,Future Reflections,would_create,"https://cdnt-preview.dzcdn.net/api/1/1/e/e/8/0/ee83fc6e9e39ce0d7edefb743959fc3f.mp3?hdnea=exp=1760497556~acl=/api/1/1/e/e/8/0/ee83fc6e9e39ce0d7edefb743959fc3f.mp3*~data=user_id=0,application_id=42~hmac=d056cc8a128ae90a8d4c9a8861c9618e262216eb79c8ff6b886e2d65e3cca410"
537540,Donovan,Season of the Witch,would_create,"https://cdnt-preview.dzcdn.net/api/1/1/4/0/5/0/4055fc1f90147f6562e2d393f7d2a56c.mp3?hdnea=exp=1760497557~acl=/api/1/1/4/0/5/0/4055fc1f90147f6562e2d393f7d2a56c.mp3*~data=user_id=0,application_id=42~hmac=b3eba230c652e97f5e63875f9757776252eaf7e8754e90f46d3bdd991365b867"
538323,Annie Lennox,Through The Glass Darkly,would_create,
538324,Annie Lennox,Lost,would_create,
538328,Annie Lennox,Fingernail Moon,would_create,
538606,The Calling,Somebody Out There,would_create,"https://cdnt-preview.dzcdn.net/api/1/1/7/0/c/0/70c6e85446eaf8bd103fcb42125ca960.mp3?hdnea=exp=1760497558~acl=/api/1/1/7/0/c/0/70c6e85446eaf8bd103fcb42125ca960.mp3*~data=user_id=0,application_id=42~hmac=39e4f5323570f3347583f9395a78455e988e5096949bc1c8ad888d7f300feb1d"
538948,Boys Like Girls,The Great Escape,would_create,"https://cdnt-preview.dzcdn.net/api/1/1/c/c/a/0/cca3caa525d942ea6008ee45b4596407.mp3?hdnea=exp=1760497559~acl=/api/1/1/c/c/a/0/cca3caa525d942ea6008ee45b4596407.mp3*~data=user_id=0,application_id=42~hmac=72dccc4d80ddf50ff72061be8e4cecf8fdc5bea2122483bc3614668e44604c74"
538950,Boys Like Girls,Five Minutes to Midnight (Album Version),would_create,"https://cdnt-preview.dzcdn.net/api/1/1/b/c/d/0/bcdc31e98f9bd1154ff298721b8488d0.mp3?hdnea=exp=1760497559~acl=/api/1/1/b/c/d/0/bcdc31e98f9bd1154ff298721b8488d0.mp3*~data=user_id=0,application_id=42~hmac=7e99d79325d05ae264213216a186ad1179070d7710750c9015937a7c03071b63"
538951,Boys Like Girls,Hero / Heroine (Original Mix),would_create,"https://cdnt-preview.dzcdn.net/api/1/1/a/e/3/0/ae37ccdb40bad5e0e4810743690c0a06.mp3?hdnea=exp=1760497559~acl=/api/1/1/a/e/3/0/ae37ccdb40bad5e0e4810743690c0a06.mp3*~data=user_id=0,application_id=42~hmac=9cc972e3520d69e9f4075306dd29bb5dd34809261d9141ddfdbc5ff36491ead3"
538961,Boys Like Girls,Heels Over Head (Original Mix),would_create,"https://cdnt-preview.dzcdn.net/api/1/1/8/8/7/0/88767a689895b44b18deb25295edb166.mp3?hdnea=exp=1760497560~acl=/api/1/1/8/8/7/0/88767a689895b44b18deb25295edb166.mp3*~data=user_id=0,application_id=42~hmac=8fd520be184ea8f7bdb3dcfcf6354c5a0806efa5dd4fcb48e69362ff2a80ed56"
539107,Groove Armada,Song 4 Mutya (Out Of Control) (GA10 Version),would_create,"https://cdnt-preview.dzcdn.net/api/1/1/3/0/5/0/30505e2c556f4e44c15d36bf09f0b5b2.mp3?hdnea=exp=1760497560~acl=/api/1/1/3/0/5/0/30505e2c556f4e44c15d36bf09f0b5b2.mp3*~data=user_id=0,application_id=42~hmac=f01643153481ed12d77e1ee151457f307b924bf60fa516f0b8c162f37efdb620"
539211,Duran Duran,Nite-Runner (Album Version),would_create,"https://cdnt-preview.dzcdn.net/api/1/1/5/a/b/0/5ab4984352aacd03a08778ff6fed8d10.mp3?hdnea=exp=1760497561~acl=/api/1/1/5/a/b/0/5ab4984352aacd03a08778ff6fed8d10.mp3*~data=user_id=0,application_id=42~hmac=9e71a758a00be1b50ccccfd93dff34ec4264f07aae4abaa6cfbf744c31e34487"
540175,Britney Spears,...Baby One More Time,would_create,"https://cdnt-preview.dzcdn.net/api/1/1/1/0/f/0/10fd8e9cf7fc9f6f47e7ef391877ead3.mp3?hdnea=exp=1760497561~acl=/api/1/1/1/0/f/0/10fd8e9cf7fc9f6f47e7ef391877ead3.mp3*~data=user_id=0,application_id=42~hmac=7f43b6cf1da85f271b74905031272c68f4757bfc30ad97b7fcf76bc7015d2c74"
540177,Britney Spears,Sometimes,would_create,"https://cdnt-preview.dzcdn.net/api/1/1/0/9/d/0/09d0b16d1146637c25a716ae93f49ae4.mp3?hdnea=exp=1760497562~acl=/api/1/1/0/9/d/0/09d0b16d1146637c25a716ae93f49ae4.mp3*~data=user_id=0,application_id=42~hmac=964695a00287a6242c6a68f2a647041c84302788adc38470a2cb5627ed58c696"
540178,Britney Spears,Soda Pop,would_create,"https://cdnt-preview.dzcdn.net/api/1/1/8/3/9/0/83965b3cbec75be357a2177721410b9c.mp3?hdnea=exp=1760497562~acl=/api/1/1/8/3/9/0/83965b3cbec75be357a2177721410b9c.mp3*~data=user_id=0,application_id=42~hmac=ab952d8604cf682096ebdd1146df2d910f07148830c623fd54d65a2266091544"
540180,Britney Spears,From the Bottom of My Broken Heart,would_create,"https://cdnt-preview.dzcdn.net/api/1/1/3/6/3/0/363dcffa5a765c43c9d1fd6486cb506e.mp3?hdnea=exp=1760497562~acl=/api/1/1/3/6/3/0/363dcffa5a765c43c9d1fd6486cb506e.mp3*~data=user_id=0,application_id=42~hmac=bf78dd161ba12eb6d86b64efdeb3085c7306bab8309ce697b0b8f8c97b751e54"
540181,Britney Spears,I Will Be There,would_create,"https://cdnt-preview.dzcdn.net/api/1/1/2/8/e/0/28e0f80028bef541803e359627fcca99.mp3?hdnea=exp=1760497563~acl=/api/1/1/2/8/e/0/28e0f80028bef541803e359627fcca99.mp3*~data=user_id=0,application_id=42~hmac=0ad78f6a3e05460af0024a87e6cee4e72fefed0ea26cc94b38b9a6e708b45793"
540182,Britney Spears duet with Don Phillip,I Will Still Love You (with Don Philip),would_create,"https://cdnt-preview.dzcdn.net/api/1/1/9/e/a/0/9ea25f567a9418a53655cdfbcfa765f1.mp3?hdnea=exp=1760497563~acl=/api/1/1/9/e/a/0/9ea25f567a9418a53655cdfbcfa765f1.mp3*~data=user_id=0,application_id=42~hmac=66078fb5bc4013f246cc2e10a5a520c73c4919e943d9f9c0465bab222b14bec5"
540185,Britney Spears,E-Mail My Heart,would_create,"https://cdnt-preview.dzcdn.net/api/1/1/a/2/5/0/a2520d27f85381d5fa70081d07938cba.mp3?hdnea=exp=1760497564~acl=/api/1/1/a/2/5/0/a2520d27f85381d5fa70081d07938cba.mp3*~data=user_id=0,application_id=42~hmac=60e250707e4b36fcf37f6bfb4f0614704dc5bddcc8f0747bd58e41cfc4dfdfbd"
540186,Britney Spears,The Beat Goes On,would_create,"https://cdnt-preview.dzcdn.net/api/1/1/3/2/9/0/3291d16a8d41b4b5fab6305350e3d48b.mp3?hdnea=exp=1760497564~acl=/api/1/1/3/2/9/0/3291d16a8d41b4b5fab6305350e3d48b.mp3*~data=user_id=0,application_id=42~hmac=58c9b19f39ec3c453c41aefddfd7de8b336c0c05ccd55695d9e56dca6c6844ab"
540191,Britney Spears,I'm a Slave 4 U,would_create,"https://cdnt-preview.dzcdn.net/api/1/1/f/c/8/0/fc841e123edee208d47934be557caf65.mp3?hdnea=exp=1760497564~acl=/api/1/1/f/c/8/0/fc841e123edee208d47934be557caf65.mp3*~data=user_id=0,application_id=42~hmac=23dad509a35d9e59e268358eff8c573c7cd85584ef0e2df8750348be8cab9937"
540193,Britney Spears,Lonely,would_create,"https://cdnt-preview.dzcdn.net/api/1/1/f/6/b/0/f6b112afb789935cfac433de5ac3b19c.mp3?hdnea=exp=1760497565~acl=/api/1/1/f/6/b/0/f6b112afb789935cfac433de5ac3b19c.mp3*~data=user_id=0,application_id=42~hmac=382d7ea0350db136eceaa5bd2252b363cb2b5d9191629dc21bad7b7dada45334"
540196,Britney Spears,Anticipating,would_create,"https://cdnt-preview.dzcdn.net/api/1/1/8/3/3/0/833b01b08dab10a719b0186e7544ba1b.mp3?hdnea=exp=1760497565~acl=/api/1/1/8/3/3/0/833b01b08dab10a719b0186e7544ba1b.mp3*~data=user_id=0,application_id=42~hmac=659e6205ac8cdce5c061e904cc688491392e804f2c330521f2286d4c30d4e004"
540203,Britney Spears,I Run Away,would_create,"https://cdnt-preview.dzcdn.net/api/1/1/1/a/2/0/1a2cc4b4ec4877d3222f6cc866f7a32d.mp3?hdnea=exp=1760497566~acl=/api/1/1/1/a/2/0/1a2cc4b4ec4877d3222f6cc866f7a32d.mp3*~data=user_id=0,application_id=42~hmac=36d0eef81d2bba17086e5917c70ea0559f6ddf845e6bcbed47ed57cc76a6610a"
540588,Blood_ Sweat & Tears,God Bless The Child,would_create,"https://cdnt-preview.dzcdn.net/api/1/1/0/0/f/0/00f7b15c8d7f71aaa0cfff7ee2f6350e.mp3?hdnea=exp=1760497566~acl=/api/1/1/0/0/f/0/00f7b15c8d7f71aaa0cfff7ee2f6350e.mp3*~data=user_id=0,application_id=42~hmac=08e2d847f543040cfb0a559252d1dd1ad31e644bbaafeccf659757bb22415d9a"
540732,Willie Nelson,On the Road Again,would_create,"https://cdnt-preview.dzcdn.net/api/1/1/2/0/8/0/208973846d8c015f7284f52168f29b93.mp3?hdnea=exp=1760497566~acl=/api/1/1/2/0/8/0/208973846d8c015f7284f52168f29b93.mp3*~data=user_id=0,application_id=42~hmac=68dfd56567c40d9364efb88674d4913d492291096e133a87818ab29444293bbc"
541012,Three Days Grace,I Hate Everything About You,would_create,"https://cdnt-preview.dzcdn.net/api/1/1/f/f/6/0/ff6d51f374d0d2443efc4460db54a74f.mp3?hdnea=exp=1760497567~acl=/api/1/1/f/f/6/0/ff6d51f374d0d2443efc4460db54a74f.mp3*~data=user_id=0,application_id=42~hmac=634c83cf12be3771bf644a99b7375f8c06eecb5048bfcca64b0487fa6e47f5df"
541013,Three Days Grace,Home,would_create,"https://cdnt-preview.dzcdn.net/api/1/1/f/4/f/0/f4f65a1370eeb09a01652edd3d6f9b77.mp3?hdnea=exp=1760497567~acl=/api/1/1/f/4/f/0/f4f65a1370eeb09a01652edd3d6f9b77.mp3*~data=user_id=0,application_id=42~hmac=48a74c9c1ebd64c740b6b631e4a7be5be6b0ae4b94f7e87d8a0a296a32c2f91f"
541016,Three Days Grace,Let You Down,would_create,"https://cdnt-preview.dzcdn.net/api/1/1/2/c/f/0/2cf8101771b195da714eb27455341a60.mp3?hdnea=exp=1760497568~acl=/api/1/1/2/c/f/0/2cf8101771b195da714eb27455341a60.mp3*~data=user_id=0,application_id=42~hmac=b812185c3fa2821dc1ac8a21f2fece5c6c7458e5cdf1d6b7289ffea8bf0b2aac"
541020,Three Days Grace,Born Like This,would_create,"https://cdnt-preview.dzcdn.net/api/1/1/b/6/2/0/b62e85acd4598b1863296bbede57b8e9.mp3?hdnea=exp=1760497568~acl=/api/1/1/b/6/2/0/b62e85acd4598b1863296bbede57b8e9.mp3*~data=user_id=0,application_id=42~hmac=601c71a08006fd40fb5a7cf26d2b6be7e5db5dbc95cc046f153940545c8f1d80"
541025,Three Days Grace,Take Me Under,would_create,"https://cdnt-preview.dzcdn.net/api/1/1/6/d/7/0/6d70e98461ee0b389381c1ef2620d204.mp3?hdnea=exp=1760497569~acl=/api/1/1/6/d/7/0/6d70e98461ee0b389381c1ef2620d204.mp3*~data=user_id=0,application_id=42~hmac=751bcfcba438aed19a4c1ea22ef2e278d143e84a0a6964051c7e47b059be20f8"
541101,Switchfoot,Redemption,would_create,"https://cdnt-preview.dzcdn.net/api/1/1/f/3/b/0/f3b40e60f0fd619912fc5915099880e8.mp3?hdnea=exp=1760497569~acl=/api/1/1/f/3/b/0/f3b40e60f0fd619912fc5915099880e8.mp3*~data=user_id=0,application_id=42~hmac=01f1ed89f12aab88da33471d5b7d3cd38d0dba4b32a7f00ef41ece0cf85b9de9"
541393,Electric Light Orchestra,Mr. Blue Sky,would_create,"https://cdnt-preview.dzcdn.net/api/1/1/3/1/a/0/31a0ebba49df6e1c46cf3ca59f02608e.mp3?hdnea=exp=1760497570~acl=/api/1/1/3/1/a/0/31a0ebba49df6e1c46cf3ca59f02608e.mp3*~data=user_id=0,application_id=42~hmac=3d023efdf658ad606675d001b3ce8deba5928991f980ce8b791713c539f961a7"
541403,Kelly Rowland,Work (Freemasons Radio Edit),would_create,"https://cdnt-preview.dzcdn.net/api/1/1/c/7/1/0/c71fb20ef0626632a954e181d46cc222.mp3?hdnea=exp=1760497570~acl=/api/1/1/c/7/1/0/c71fb20ef0626632a954e181d46cc222.mp3*~data=user_id=0,application_id=42~hmac=0e8d5129d9dcae99ce67c3adb4feb5f029e5020ee112dc7277c22894afe4be7b"
541855,Dolly Parton,9 to 5,would_create,"https://cdnt-preview.dzcdn.net/api/1/1/6/2/a/0/62adee9ea3586d13e524747e6fa98e14.mp3?hdnea=exp=1760497570~acl=/api/1/1/6/2/a/0/62adee9ea3586d13e524747e6fa98e14.mp3*~data=user_id=0,application_id=42~hmac=db53e01d28cf4b88eae35e896ddce49ae77f845c0d5a87fa781887d0a32f7577"
541959,Mandy Moore,Drop The Pilot,would_create,"https://cdnt-preview.dzcdn.net/api/1/1/e/3/d/0/e3dab34030e35712e0c6f113a5a6b331.mp3?hdnea=exp=1760497571~acl=/api/1/1/e/3/d/0/e3dab34030e35712e0c6f113a5a6b331.mp3*~data=user_id=0,application_id=42~hmac=921e0d5ad5d50ab99b342ecf074d4528fe237d8e80c3b81f441a598f85935178"
541961,Mandy Moore,One Way Or Another,would_create,"https://cdnt-preview.dzcdn.net/api/1/1/c/a/2/0/ca25baba180596faec4a6cf072b1b9b4.mp3?hdnea=exp=1760497571~acl=/api/1/1/c/a/2/0/ca25baba180596faec4a6cf072b1b9b4.mp3*~data=user_id=0,application_id=42~hmac=7b26b505e6ac1cdcdc23fb565a3c9af6c08cfca836cfc50e44178f144aea7616"
541962,Mandy Moore,Breaking Us In Two,would_create,"https://cdnt-preview.dzcdn.net/api/1/1/9/f/7/0/9f7e3bc498e993b6e493a5e51fc70404.mp3?hdnea=exp=1760497576~acl=/api/1/1/9/f/7/0/9f7e3bc498e993b6e493a5e51fc70404.mp3*~data=user_id=0,application_id=42~hmac=67d671939c5f6c549097a3a2d7fe11e278ed903a35206a3983280a1ba3d70097"
544934,Luther Vandross,Don't Want To Be A Fool (Album Version),would_create,"https://cdnt-preview.dzcdn.net/api/1/1/e/5/d/0/e5d85feff8667e9e53a8065da54c83b6.mp3?hdnea=exp=1760497576~acl=/api/1/1/e/5/d/0/e5d85feff8667e9e53a8065da54c83b6.mp3*~data=user_id=0,application_id=42~hmac=623aae35967dcde8396222aa150e6c612028bad13adafc9d63e0a2835a01a58b"
545245,Lemar,If There's Any Justice,would_create,"https://cdnt-preview.dzcdn.net/api/1/1/4/9/2/0/4925935d4725ec7497f3f387a62fdabc.mp3?hdnea=exp=1760497577~acl=/api/1/1/4/9/2/0/4925935d4725ec7497f3f387a62fdabc.mp3*~data=user_id=0,application_id=42~hmac=26224073023e1502dbd19899419dcd92e6605938af01507234f342af681ba7d9"
545253,Lemar,I Believe In A Thing Called Love,would_create,"https://cdnt-preview.dzcdn.net/api/1/1/3/6/3/0/363c6722860a5e6e5ba037a76909eae0.mp3?hdnea=exp=1760497577~acl=/api/1/1/3/6/3/0/363c6722860a5e6e5ba037a76909eae0.mp3*~data=user_id=0,application_id=42~hmac=7eb3d8fe86ded04b679bab1b7f74fb6d3615556294f56227277c398f4973f3f6"
545493,Jamiroquai with Beverley Knight,Love Foolosophy (Radio Edit),would_create,"https://cdnt-preview.dzcdn.net/api/1/1/c/7/c/0/c7c9fd8f8d3d20ed1b2e5501c5c71e69.mp3?hdnea=exp=1760497577~acl=/api/1/1/c/7/c/0/c7c9fd8f8d3d20ed1b2e5501c5c71e69.mp3*~data=user_id=0,application_id=42~hmac=f88bf45fb9f673506a9857ef7f96a8db4113e7e39830ba76cf06e657f0a9957e"
546089,Clannad,Theme from Harry's Game (Remastered),would_create,
546090,Clannad,"I Will Find You (Theme from ""The Last of the Mohicans"")",would_create,
546130,Kelly Clarkson,Because of You,would_create,"https://cdnt-preview.dzcdn.net/api/1/1/5/1/9/0/51903d4fda619918a6a3cf59f6c9ff58.mp3?hdnea=exp=1760497579~acl=/api/1/1/5/1/9/0/51903d4fda619918a6a3cf59f6c9ff58.mp3*~data=user_id=0,application_id=42~hmac=8005c59c7187ffe09f01ef793b0f002019fac4d93592134d34d9a5f67e02d5b8"
546371,The Coral,Careless Hands,would_create,"https://cdnt-preview.dzcdn.net/api/1/1/4/3/5/0/435edd0bf8522d83c3f24d422485a8f0.mp3?hdnea=exp=1760497579~acl=/api/1/1/4/3/5/0/435edd0bf8522d83c3f24d422485a8f0.mp3*~data=user_id=0,application_id=42~hmac=48b4900159ea89b735b372074f6637555ae3c19f55d6c83eb96905db38b29951"
546575,System of a Down,Soldier Side,would_create,"https://cdnt-preview.dzcdn.net/api/1/1/7/2/3/0/723e788d4415d61678ddf4f739d5cd16.mp3?hdnea=exp=1760497580~acl=/api/1/1/7/2/3/0/723e788d4415d61678ddf4f739d5cd16.mp3*~data=user_id=0,application_id=42~hmac=237bb70f8cb1016847383ef9757e51f8ad334f258945ff61676e8e5482b9d8a1"
546576,System of a Down,Stealing Society,would_create,"https://cdnt-preview.dzcdn.net/api/1/1/3/c/f/0/3cf808b14a87671ee464d154bef4b475.mp3?hdnea=exp=1760497580~acl=/api/1/1/3/c/f/0/3cf808b14a87671ee464d154bef4b475.mp3*~data=user_id=0,application_id=42~hmac=bd624d3400ccda1c155e3219f8a0d60ef8d877a2d64e81075e0374480876d11e"
546578,System of a Down,Lonely Day,would_create,"https://cdnt-preview.dzcdn.net/api/1/1/0/3/8/0/038eb2b8a8a31e9adee4c09e7197308c.mp3?hdnea=exp=1760497580~acl=/api/1/1/0/3/8/0/038eb2b8a8a31e9adee4c09e7197308c.mp3*~data=user_id=0,application_id=42~hmac=e108c4c0440b27c04a92088c848d1744bfe15b0a67db343b0460d69fd7669c6c"
546790,Air Supply,All Out of Love,would_create,"https://cdnt-preview.dzcdn.net/api/1/1/2/a/1/0/2a1851738532a3e0e7dd2e3650b584f8.mp3?hdnea=exp=1760497582~acl=/api/1/1/2/a/1/0/2a1851738532a3e0e7dd2e3650b584f8.mp3*~data=user_id=0,application_id=42~hmac=680a49c9a25a66bc5ad4a55ecddc2d23c685ed411d05dbdd9e56f3ae417a141d"
546826,DJ Jazzy Jeff & The Fresh Prince,Summertime,would_create,"https://cdnt-preview.dzcdn.net/api/1/1/8/f/b/0/8fbcd0877cd64f671698b2cc1c9e04ee.mp3?hdnea=exp=1760497582~acl=/api/1/1/8/f/b/0/8fbcd0877cd64f671698b2cc1c9e04ee.mp3*~data=user_id=0,application_id=42~hmac=88623051d495f1c4179d4214a0487145fc4443d2d7b473cffffbc0e060cfdf02"
546926,Anti-Flag,Emigre,would_create,"https://cdnt-preview.dzcdn.net/api/1/1/b/e/7/0/be7677464c4acd09e6e8fa585ead432b.mp3?hdnea=exp=1760497583~acl=/api/1/1/b/e/7/0/be7677464c4acd09e6e8fa585ead432b.mp3*~data=user_id=0,application_id=42~hmac=1b44c3642173cd3b2725ce00ef5c1d405f28428de4d91c17e624b0a463bc8aad"
546931,Anti-Flag,State Funeral,would_create,"https://cdnt-preview.dzcdn.net/api/1/1/2/9/f/0/29fabf920ee663026e6897377f5e143b.mp3?hdnea=exp=1760497583~acl=/api/1/1/2/9/f/0/29fabf920ee663026e6897377f5e143b.mp3*~data=user_id=0,application_id=42~hmac=3348fe3f2ca9f0cbd3476887b93846733687703cafb5c5caea8ece0ed4b241e9"
546934,Anti-Flag,The W.T.O. Kills Farmers (Dirty Version),would_create,"https://cdnt-preview.dzcdn.net/api/1/1/a/4/7/0/a4729098ec1c09afdb9a9d9cf39021cc.mp3?hdnea=exp=1760497584~acl=/api/1/1/a/4/7/0/a4729098ec1c09afdb9a9d9cf39021cc.mp3*~data=user_id=0,application_id=42~hmac=152c2f02f5c3d1494c87ff66fbe928c391197baa2b889f18ebcd1053d4474893"
546935,Anti-Flag,Cities Burn,would_create,"https://cdnt-preview.dzcdn.net/api/1/1/e/a/0/0/ea0d858df0d6ef400aad8fe5a355d361.mp3?hdnea=exp=1760497584~acl=/api/1/1/e/a/0/0/ea0d858df0d6ef400aad8fe5a355d361.mp3*~data=user_id=0,application_id=42~hmac=735eb1b27102c96576ca0ec3a3f344ac8f07d5d635b438062614b68cd430491d"
547229,Citizen Cope,Bullet and a Target,would_create,"https://cdnt-preview.dzcdn.net/api/1/1/a/d/4/0/ad46cfc434787c0c06f167b28ecdc87a.mp3?hdnea=exp=1760497584~acl=/api/1/1/a/d/4/0/ad46cfc434787c0c06f167b28ecdc87a.mp3*~data=user_id=0,application_id=42~hmac=6dc3fca9a1bd2ffa2d8a9dfccc34152a070fc75e9f75ed5c625a241d9ce6cfe0"
547230,Citizen Cope,Hurricane Waters,would_create,"https://cdnt-preview.dzcdn.net/api/1/1/7/4/2/0/74223b1e26ba1303d04579fb3e2cdc88.mp3?hdnea=exp=1760497585~acl=/api/1/1/7/4/2/0/74223b1e26ba1303d04579fb3e2cdc88.mp3*~data=user_id=0,application_id=42~hmac=7165fe0c0fc29e4f9f3aac470d367226fcac1632ae3a4814f7fa59f71054cd60"
547392,Harry Nilsson,Spaceman,would_create,
547513,Pearl Jam,Gone,would_create,"https://cdnt-preview.dzcdn.net/api/1/1/4/2/c/0/42cfe6e671ea1069f5441fa0c03bc1a0.mp3?hdnea=exp=1760497586~acl=/api/1/1/4/2/c/0/42cfe6e671ea1069f5441fa0c03bc1a0.mp3*~data=user_id=0,application_id=42~hmac=931755ea53d3c4f0f1aa5f11fca45a42625dff2a2bae9392d842d3f2eb03a5f5"
547517,Pearl Jam,Inside Job,would_create,"https://cdnt-preview.dzcdn.net/api/1/1/8/d/a/0/8dad6bb61831f0c441031c410b33cb07.mp3?hdnea=exp=1760497586~acl=/api/1/1/8/d/a/0/8dad6bb61831f0c441031c410b33cb07.mp3*~data=user_id=0,application_id=42~hmac=17360e4f8679e3c012dae17a4214bb9712ee60f5ceb76c81f65fe5f0ef1e9bdb"
547878,Jim Reeves,Snowflake,would_create,"https://cdnt-preview.dzcdn.net/api/1/1/d/1/6/0/d169b4ab5b587fd23c8ea9b0130c3428.mp3?hdnea=exp=1760497587~acl=/api/1/1/d/1/6/0/d169b4ab5b587fd23c8ea9b0130c3428.mp3*~data=user_id=0,application_id=42~hmac=c680011e81ce66fadeb34d92b67128b38931d6701ec2b452f52959cddacefc49"
548195,The Zutons,It's The Little Things We Do,would_create,"https://cdnt-preview.dzcdn.net/api/1/1/c/9/9/0/c992c0ad292ab624d5eb39058a29d761.mp3?hdnea=exp=1760497587~acl=/api/1/1/c/9/9/0/c992c0ad292ab624d5eb39058a29d761.mp3*~data=user_id=0,application_id=42~hmac=b3968019d3168271e12e9d328fea30390da7111a34e99cc153d461f61dea87e7"
548196,The Zutons,Valerie,would_create,"https://cdnt-preview.dzcdn.net/api/1/1/4/3/f/0/43fe98d0b553ebd247fc7d76160d3274.mp3?hdnea=exp=1760497588~acl=/api/1/1/4/3/f/0/43fe98d0b553ebd247fc7d76160d3274.mp3*~data=user_id=0,application_id=42~hmac=014316d925b2af9782759544b104b1347711af9207e419594b33c04e265a4441"
548202,The Zutons,You've Got A Friend In Me,would_create,"https://cdnt-preview.dzcdn.net/api/1/1/a/d/6/0/ad689f2efe257165bd61c6dede502e30.mp3?hdnea=exp=1760497588~acl=/api/1/1/a/d/6/0/ad689f2efe257165bd61c6dede502e30.mp3*~data=user_id=0,application_id=42~hmac=5f37d6a393d5bc05649b09bd06836cd95e690a75d7e1d0e8505eea6a058a5b63"
548274,Shayne Ward,That's My Goal,would_create,
548275,Shayne Ward,No Promises,would_create,
548276,Shayne Ward,Stand by Me,would_create,
548277,Shayne Ward,All My Life,would_create,
548283,Shayne Ward,Something Worth Living For,would_create,
548284,Shayne Ward,A Better Man,would_create,
548586,Matthew Sweet,Girlfriend,would_create,"https://cdnt-preview.dzcdn.net/api/1/1/2/c/7/0/2c76415f734ee8c7b583876ebd6a6da7.mp3?hdnea=exp=1760497592~acl=/api/1/1/2/c/7/0/2c76415f734ee8c7b583876ebd6a6da7.mp3*~data=user_id=0,application_id=42~hmac=5b4b7dcee59165cce6ab008eadea6c8f6a958ec552fa032dc7efcd45cbb06f25"
548598,Matthew Sweet,Nothing Lasts,would_create,"https://cdnt-preview.dzcdn.net/api/1/1/e/f/f/0/eff57ed94b2b967a8cccfb3208488cbe.mp3?hdnea=exp=1760497592~acl=/api/1/1/e/f/f/0/eff57ed94b2b967a8cccfb3208488cbe.mp3*~data=user_id=0,application_id=42~hmac=333bf30e8981d5bddbf7fe8f28f8d43f0f96a53708e0806d6f96678b9effe9d5"
548641,Imogen Heap,Headlock,would_create,
548642,Imogen Heap,Goodnight and Go,deezer_not_found,
548645,Imogen Heap,Hide and Seek,would_create,
548649,Imogen Heap,Just for Now,would_create,
548679,Billy Joel,Goodnight Saigon,would_create,"https://cdnt-preview.dzcdn.net/api/1/1/1/8/3/0/183ccfa0553f3604b95ed5ba66791ae5.mp3?hdnea=exp=1760497602~acl=/api/1/1/1/8/3/0/183ccfa0553f3604b95ed5ba66791ae5.mp3*~data=user_id=0,application_id=42~hmac=d178eaa2a032a0c8f33302c392c2c217e893f7d6ac060f3bd7b38e50692dd27a"
549194,Opeth,Windowpane,would_create,"https://cdnt-preview.dzcdn.net/api/1/1/c/0/b/0/c0bf564368cca516f8d350b4558d7451.mp3?hdnea=exp=1760497602~acl=/api/1/1/c/0/b/0/c0bf564368cca516f8d350b4558d7451.mp3*~data=user_id=0,application_id=42~hmac=5de311cb68280ea2751ff946ec120c27f4dbc9200e9ff6475e8ba22334827402"
549195,Opeth,In My Time of Need,would_create,"https://cdnt-preview.dzcdn.net/api/1/1/7/a/0/0/7a0e72aafa66dadab421a9a79f88b160.mp3?hdnea=exp=1760497603~acl=/api/1/1/7/a/0/0/7a0e72aafa66dadab421a9a79f88b160.mp3*~data=user_id=0,application_id=42~hmac=95fbad6b410f14211a7c9bc504433126c62c340c1e5d03dae199e4d55cb9c26c"
549196,Opeth,Death Whispered a Lullaby,would_create,"https://cdnt-preview.dzcdn.net/api/1/1/c/d/4/0/cd490a4a60459f6a389ee471964899dd.mp3?hdnea=exp=1760497603~acl=/api/1/1/c/d/4/0/cd490a4a60459f6a389ee471964899dd.mp3*~data=user_id=0,application_id=42~hmac=1a66780d3cc9e2d20c41214f731ac50b3367aa61492b546a85e89e0c9d3a6398"
549198,Opeth,Hope Leaves,would_create,"https://cdnt-preview.dzcdn.net/api/1/1/a/c/0/0/ac0f4be1c4a6f64e1587a3a5a9fbb8c1.mp3?hdnea=exp=1760497604~acl=/api/1/1/a/c/0/0/ac0f4be1c4a6f64e1587a3a5a9fbb8c1.mp3*~data=user_id=0,application_id=42~hmac=b504e092f967e6a6ebecf2e4e3f9a8d3899a51566b24814557602291c76e5f36"
549199,Opeth,To Rid the Disease,would_create,"https://cdnt-preview.dzcdn.net/api/1/1/a/a/2/0/aa203899a5acb85c07e4494cb8966b14.mp3?hdnea=exp=1760497604~acl=/api/1/1/a/a/2/0/aa203899a5acb85c07e4494cb8966b14.mp3*~data=user_id=0,application_id=42~hmac=b4139c2bdca30b2217637d0755be875972d5e5dd7fb5262b12beedf22adab840"
549232,Opeth,The Drapery Falls,would_create,"https://cdnt-preview.dzcdn.net/api/1/1/8/d/6/0/8d65daab01db201eb2e8de5c678481c1.mp3?hdnea=exp=1760497605~acl=/api/1/1/8/d/6/0/8d65daab01db201eb2e8de5c678481c1.mp3*~data=user_id=0,application_id=42~hmac=f19518343b12cf9f2506ca3624d6702e1d8c84bc506bb3e9f7803d86e7e620b5"
549257,Cradle Of Filth,Funeral in Carpathia (Be Quick or Be Dead Version),would_create,"https://cdnt-preview.dzcdn.net/api/1/1/f/9/5/0/f95eb603afad852b6cdf291f711875de.mp3?hdnea=exp=1760497605~acl=/api/1/1/f/9/5/0/f95eb603afad852b6cdf291f711875de.mp3*~data=user_id=0,application_id=42~hmac=f8a23d1424ef0a43b741c91bb5f49a2653f1729beeb163afbb4a7e98b1fbd89e"
549263,Cradle Of Filth,Lord Abortion,would_create,"https://cdnt-preview.dzcdn.net/api/1/1/b/b/a/0/bba5aefad24b8dc7aa0f85af2d474327.mp3?hdnea=exp=1760497605~acl=/api/1/1/b/b/a/0/bba5aefad24b8dc7aa0f85af2d474327.mp3*~data=user_id=0,application_id=42~hmac=2265c52d0df1333539965623a263cd424811b2e24f4a775656f143b6546b6c04"
549801,Peter Tosh,Equal Rights,would_create,"https://cdnt-preview.dzcdn.net/api/1/1/9/4/8/0/9485d46028a15d7fb4e263fb65205b87.mp3?hdnea=exp=1760497606~acl=/api/1/1/9/4/8/0/9485d46028a15d7fb4e263fb65205b87.mp3*~data=user_id=0,application_id=42~hmac=1152ab048d0f1523879c2c60b233e71ebc5064da9b0ea29c5ae571acd1576b52"
549834,Cock Robin,The Promise You Made,would_create,
549918,Bill Withers,Ain't No Sunshine,would_create,
549919,Bill Withers,I Want to Spend the Night,would_create,
549924,Bill Withers,Grandma's Hands,would_create,
550026,OutKast,Makes No Sense At All,would_create,"https://cdnt-preview.dzcdn.net/api/1/1/a/0/7/0/a0778c3a423e1c86c06a2ab54e088031.mp3?hdnea=exp=1760497608~acl=/api/1/1/a/0/7/0/a0778c3a423e1c86c06a2ab54e088031.mp3*~data=user_id=0,application_id=42~hmac=c58ebe76f578d460bf9147c4a4f17c9bc173ab096b681fc0ad55599e8341bb30"
550032,OutKast,When I Look In Your Eyes,would_create,"https://cdnt-preview.dzcdn.net/api/1/1/0/9/3/0/093c1968f2e0d127f64871f289ce55fa.mp3?hdnea=exp=1760497609~acl=/api/1/1/0/9/3/0/093c1968f2e0d127f64871f289ce55fa.mp3*~data=user_id=0,application_id=42~hmac=ebacec20af0cd1af81be03bdba392b8cac8978bd9e2ed8eeabf5cba94682ac76"
550034,OutKast,A Bad Note,would_create,"https://cdnt-preview.dzcdn.net/api/1/1/f/5/7/0/f5782fbab9122ac88054f896d2958ba0.mp3?hdnea=exp=1760497609~acl=/api/1/1/f/5/7/0/f5782fbab9122ac88054f896d2958ba0.mp3*~data=user_id=0,application_id=42~hmac=48b0deb168a7fe5063ed099a649460490995bdd9bd4cc5b5b33267f1d87ab7fd"
550279,Kenny G,If I Ain't Got You,would_create,"https://cdnt-preview.dzcdn.net/api/1/1/2/d/3/0/2d3aae24e524271328fed3cbe9676698.mp3?hdnea=exp=1760497609~acl=/api/1/1/2/d/3/0/2d3aae24e524271328fed3cbe9676698.mp3*~data=user_id=0,application_id=42~hmac=a7a1c018622711f05ce62e58473ac550c6eab0bf14508727ef3fa9cd298fe31f"
550302,Frankie Laine,High Noon (Do Not Forsake Me),would_create,"https://cdnt-preview.dzcdn.net/api/1/1/f/5/c/0/f5cd0ae263e0c123a0a515fddf97ac4c.mp3?hdnea=exp=1760497610~acl=/api/1/1/f/5/c/0/f5cd0ae263e0c123a0a515fddf97ac4c.mp3*~data=user_id=0,application_id=42~hmac=24c9d163136ed3dcfc949b78e67e6e21f1b00b257d32062b371c1c4e800856d1"
551620,Ozzy Osbourne,Lay Your World on Me,would_create,"https://cdnt-preview.dzcdn.net/api/1/1/f/9/6/0/f96ec4246e990459e38165651d67c048.mp3?hdnea=exp=1760497610~acl=/api/1/1/f/9/6/0/f96ec4246e990459e38165651d67c048.mp3*~data=user_id=0,application_id=42~hmac=6e0adbd97752466e34f503bc4b60d2f89e137b24fc109ea61989eb04b56dc64e"
551623,Ozzy Osbourne,11 Silver,would_create,"https://cdnt-preview.dzcdn.net/api/1/1/a/3/1/0/a3187c1f1c5b5f78a615dcc8921f3574.mp3?hdnea=exp=1760497611~acl=/api/1/1/a/3/1/0/a3187c1f1c5b5f78a615dcc8921f3574.mp3*~data=user_id=0,application_id=42~hmac=744d58c11a7b9a0631bea0ff05d42899536e217000eba885322027c266176e9c"
552108,Mumm-Ra,She's Got You High,would_create,
552448,Scorpions,Love Will Keep Us Alive,would_create,
552888,L'Aura,The Doors,would_create,"https://cdnt-preview.dzcdn.net/api/1/1/2/7/6/0/2769a8cf83a232efe79640d1e7a7954b.mp3?hdnea=exp=1760497612~acl=/api/1/1/2/7/6/0/2769a8cf83a232efe79640d1e7a7954b.mp3*~data=user_id=0,application_id=42~hmac=712051d927845832d210b6a5f7f55ac6679f7be5d7eeeeb6f42293b38ac886c9"
553373,The Coral,Put the Sun Back,would_create,"https://cdnt-preview.dzcdn.net/api/1/1/7/e/3/0/7e3b07c46b64015c5290abfe2195e985.mp3?hdnea=exp=1760497613~acl=/api/1/1/7/e/3/0/7e3b07c46b64015c5290abfe2195e985.mp3*~data=user_id=0,application_id=42~hmac=05919253be110df27fe8fcdd5231cd12632d8b45ca502d8224cabc4bb6ab4a11"
553376,The Coral,In the Rain,would_create,"https://cdnt-preview.dzcdn.net/api/1/1/2/c/e/0/2ce73ea1f4e1be264f01c3193d4d3e8e.mp3?hdnea=exp=1760497613~acl=/api/1/1/2/c/e/0/2ce73ea1f4e1be264f01c3193d4d3e8e.mp3*~data=user_id=0,application_id=42~hmac=74406a14d3a61ad86467cb5f3c36d3eea832cdde353f05aaeed9885722b7a9af"
553380,The Coral,She's Got a Reason,would_create,"https://cdnt-preview.dzcdn.net/api/1/1/1/5/2/0/152b8dd0d642134e37b7d966f95b6e36.mp3?hdnea=exp=1760497614~acl=/api/1/1/1/5/2/0/152b8dd0d642134e37b7d966f95b6e36.mp3*~data=user_id=0,application_id=42~hmac=62482a86377beae9622de28f67398847a261c1cab6a2fa013b92f50649145a88"
555643,Michael Jackson,P.Y.T. (Pretty Young Thing),would_create,"https://cdnt-preview.dzcdn.net/api/1/1/f/e/1/0/fe1457168c32d749da5089dca9ad6034.mp3?hdnea=exp=1760497614~acl=/api/1/1/f/e/1/0/fe1457168c32d749da5089dca9ad6034.mp3*~data=user_id=0,application_id=42~hmac=40256f3b00e01abe88618e7be847da8ea98f9aa9ca53a3717e151798302a61aa"
555804,SWV,You're the One,would_create,"https://cdnt-preview.dzcdn.net/api/1/1/4/c/f/0/4cfbbd92fa43b9a9f1ecfc60c17ca6a0.mp3?hdnea=exp=1760497615~acl=/api/1/1/4/c/f/0/4cfbbd92fa43b9a9f1ecfc60c17ca6a0.mp3*~data=user_id=0,application_id=42~hmac=679b65b792cc823d6f7c0bfbc97da1fe0684e012d6c12beb6ec9a6636ce1d5e3"
555805,SWV,Right Here (Human Nature Radio Mix),would_create,"https://cdnt-preview.dzcdn.net/api/1/1/6/a/5/0/6a516d424408c4870c4dccfaedda36c6.mp3?hdnea=exp=1760497615~acl=/api/1/1/6/a/5/0/6a516d424408c4870c4dccfaedda36c6.mp3*~data=user_id=0,application_id=42~hmac=c0b04a61e11619e23a47c89994c1a0bf9bebd90e440357168d5733a0745a648e"
556250,Luther Vandross,Love Won't Let Me Wait,would_create,"https://cdnt-preview.dzcdn.net/api/1/1/5/7/5/0/575cdd2839aa02711f5586dbd4f69f8d.mp3?hdnea=exp=1760497616~acl=/api/1/1/5/7/5/0/575cdd2839aa02711f5586dbd4f69f8d.mp3*~data=user_id=0,application_id=42~hmac=09c230aa57de3d3065d10134b4ae5baa537f2394cce06dc5fe7914a64ed475f6"
556807,Mudvayne,Determined,would_create,"https://cdnt-preview.dzcdn.net/api/1/1/6/0/b/0/60b0cf24a75b85d508d3c19d0c9c4274.mp3?hdnea=exp=1760497616~acl=/api/1/1/6/0/b/0/60b0cf24a75b85d508d3c19d0c9c4274.mp3*~data=user_id=0,application_id=42~hmac=26af6a37e77e8dc243436482cd70a26ab21f78d5e6b08759e41b2685ec047ba8"
556809,Mudvayne,Happy?,would_create,"https://cdnt-preview.dzcdn.net/api/1/1/b/2/6/0/b261ab120a83cb512d38ca50c95fef07.mp3?hdnea=exp=1760497616~acl=/api/1/1/b/2/6/0/b261ab120a83cb512d38ca50c95fef07.mp3*~data=user_id=0,application_id=42~hmac=f7d43f96aa9f1bad3f67a27cdb13034c7f61734b2e8475cbaaf980ec4e424cb6"
556930,Acceptance,In The Cold (Album Version),would_create,"https://cdnt-preview.dzcdn.net/api/1/1/1/b/d/0/1bd27088974b25da94237f18f3742cc2.mp3?hdnea=exp=1760497617~acl=/api/1/1/1/b/d/0/1bd27088974b25da94237f18f3742cc2.mp3*~data=user_id=0,application_id=42~hmac=f9cfe04ab9bc531cb9d68052706646a157f2aed2c5384d2fc0848fcb8d7fd881"
556969,Mudvayne,Fall Into Sleep,would_create,"https://cdnt-preview.dzcdn.net/api/1/1/1/9/e/0/19e5eb105a3ae9e79223938badcfefcf.mp3?hdnea=exp=1760497617~acl=/api/1/1/1/9/e/0/19e5eb105a3ae9e79223938badcfefcf.mp3*~data=user_id=0,application_id=42~hmac=9428e4cccbfa1a0d286c03346ce2c054c45c9616ad8469c5e20b3f8619a8a6ff"
556987,Kyle Riabko,Carry On (Album Version),would_create,"https://cdnt-preview.dzcdn.net/api/1/1/9/c/6/0/9c69df002c47b67a71d150e8d2ff3330.mp3?hdnea=exp=1760497618~acl=/api/1/1/9/c/6/0/9c69df002c47b67a71d150e8d2ff3330.mp3*~data=user_id=0,application_id=42~hmac=518e0d7113096e728601925c31598d49621187ab4ef9f912dcdb494692f3cb22"
558657,Christy Moore,Cry Like a Man,would_create,"https://cdnt-preview.dzcdn.net/api/1/1/5/6/e/0/56e068c70b9000d9c278e661fe5fa459.mp3?hdnea=exp=1760497618~acl=/api/1/1/5/6/e/0/56e068c70b9000d9c278e661fe5fa459.mp3*~data=user_id=0,application_id=42~hmac=7d4e481a09b8aa1fbb14faebb855860b3a449e9efb098565fadd863695b6a474"
558947,Mudvayne,All That You Are,would_create,"https://cdnt-preview.dzcdn.net/api/1/1/3/5/0/0/3507e001ba26583517e8d14be74c6415.mp3?hdnea=exp=1760497619~acl=/api/1/1/3/5/0/0/3507e001ba26583517e8d14be74c6415.mp3*~data=user_id=0,application_id=42~hmac=eda6d7ecbc259c4d0e95b66d82a19ba1b394eddfc70f5b1dedca6db1232561e9"
559075,Buddy Guy,My Time After Awhile (Live),would_create,"https://cdnt-preview.dzcdn.net/api/1/1/9/2/d/0/92d9b918dd28c98eaeb67484f49bf3dd.mp3?hdnea=exp=1760497619~acl=/api/1/1/9/2/d/0/92d9b918dd28c98eaeb67484f49bf3dd.mp3*~data=user_id=0,application_id=42~hmac=b69e6a684813e4cff9b00fa8d41178f56f62e7e03f0fe6609909cb6b53c365c1"
559233,Bay City Rollers,Rock 'n' Roller,would_create,"https://cdnt-preview.dzcdn.net/api/1/1/e/1/4/0/e14bd011054a24f4f34420bd37677abf.mp3?hdnea=exp=1760497619~acl=/api/1/1/e/1/4/0/e14bd011054a24f4f34420bd37677abf.mp3*~data=user_id=0,application_id=42~hmac=e08e83eccbe7871036e583a4e157d7b43d7db56901de1fd4eb49945b002bf47f"
559243,The Calling,One By One,would_create,"https://cdnt-preview.dzcdn.net/api/1/1/3/2/c/0/32c497083567a6fad863f048b6896994.mp3?hdnea=exp=1760497620~acl=/api/1/1/3/2/c/0/32c497083567a6fad863f048b6896994.mp3*~data=user_id=0,application_id=42~hmac=0ca904be465cad2987ec187a169795776fe0a3e702f8fbb27f536bbb12d457e7"
559246,The Calling,Anything,would_create,"https://cdnt-preview.dzcdn.net/api/1/1/8/8/f/0/88f8592a60a6710d4d1d0a8fc153ca55.mp3?hdnea=exp=1760497620~acl=/api/1/1/8/8/f/0/88f8592a60a6710d4d1d0a8fc153ca55.mp3*~data=user_id=0,application_id=42~hmac=3d287be1a33ff204f777df3205bc9c4ac790ab31845818dbd21dca1f3b807110"
559748,Amerie,Not The Only One (Album Version),would_create,"https://cdnt-preview.dzcdn.net/api/1/1/9/3/1/0/931a4bde50c32a01d1e94c4b78fec6f6.mp3?hdnea=exp=1760497621~acl=/api/1/1/9/3/1/0/931a4bde50c32a01d1e94c4b78fec6f6.mp3*~data=user_id=0,application_id=42~hmac=a2020bf7fd26f2161e5d9a54a5fced6133503163f835b793d7c08d31e93df1f6"
559750,Amerie,Come With Me (Album Version),would_create,"https://cdnt-preview.dzcdn.net/api/1/1/c/e/2/0/ce2785b2820fdb941318aebf6fd07be6.mp3?hdnea=exp=1760497621~acl=/api/1/1/c/e/2/0/ce2785b2820fdb941318aebf6fd07be6.mp3*~data=user_id=0,application_id=42~hmac=9c9d754bf54f0d342d855b9f8ff3452826ae71a575e837198fb641305c8d8053"
559754,Amerie,All I Need (Album Version),would_create,"https://cdnt-preview.dzcdn.net/api/1/1/b/3/4/0/b347e412ef66d9d1c899aabdfd98e53f.mp3?hdnea=exp=1760497622~acl=/api/1/1/b/3/4/0/b347e412ef66d9d1c899aabdfd98e53f.mp3*~data=user_id=0,application_id=42~hmac=9374a19e5915fb9dd9a8594e43e1fe56c4ae4e8b1d17721299efdde970aca2fa"
559790,System of a Down,Revenga,would_create,"https://cdnt-preview.dzcdn.net/api/1/1/f/4/2/0/f4209057ed706105c344b103a734146a.mp3?hdnea=exp=1760497622~acl=/api/1/1/f/4/2/0/f4209057ed706105c344b103a734146a.mp3*~data=user_id=0,application_id=42~hmac=66e445dfb9845719a441b622a6a97054faaa684baeca499b20dd38cc88cbddfa"
559848,Acceptance,So Contagious (Album Version),would_create,"https://cdnt-preview.dzcdn.net/api/1/1/3/d/c/0/3dc16ac0621a00b9f802ae96c6bd21db.mp3?hdnea=exp=1760497623~acl=/api/1/1/3/d/c/0/3dc16ac0621a00b9f802ae96c6bd21db.mp3*~data=user_id=0,application_id=42~hmac=2972734ce4720bf4ed8ee0aa04481178a01a27a0705be412ff223c8db53a04db"
559940,Kelly Clarkson,Breakaway,would_create,"https://cdnt-preview.dzcdn.net/api/1/1/1/b/8/0/1b8d42bebfdc861274ba621ea1578fd9.mp3?hdnea=exp=1760497623~acl=/api/1/1/1/b/8/0/1b8d42bebfdc861274ba621ea1578fd9.mp3*~data=user_id=0,application_id=42~hmac=ce2192c9416b18b9cf13519c69b4324197c9e6b88453178b9e87392eb5424a95"
560041,Buddy Guy,Let Me Love You Baby,would_create,"https://cdnt-preview.dzcdn.net/api/1/1/6/9/1/0/691a8c74d85c20a75635cd0ee635f5b5.mp3?hdnea=exp=1760497623~acl=/api/1/1/6/9/1/0/691a8c74d85c20a75635cd0ee635f5b5.mp3*~data=user_id=0,application_id=42~hmac=734803666184c1952ba2a298a880ade93f34a5f38da66fdb33b34d9bbd3cb077"
560115,Kelly Clarkson,Low,would_create,"https://cdnt-preview.dzcdn.net/api/1/1/9/7/7/0/977540cb6e1147518fc0ea2034565418.mp3?hdnea=exp=1760497624~acl=/api/1/1/9/7/7/0/977540cb6e1147518fc0ea2034565418.mp3*~data=user_id=0,application_id=42~hmac=1e82e832af94963709f40fe72cb3ae984c3e9cd2a3efee4863c333acf8a9be30"
561795,Eurythmics,Cool Blue (Remastered Version),would_create,"https://cdnt-preview.dzcdn.net/api/1/1/0/f/8/0/0f8535296012a5280368d36164b8d381.mp3?hdnea=exp=1760497624~acl=/api/1/1/0/f/8/0/0f8535296012a5280368d36164b8d381.mp3*~data=user_id=0,application_id=42~hmac=6edea01439ee3d9d1ad8d62bdde4d56c27ddc2f7bc21cb5c2c5af5cd75992d91"
561812,Eurythmics,Beautiful Child (Remastered Version),would_create,"https://cdnt-preview.dzcdn.net/api/1/1/5/0/4/0/504ba26d2624018d26cb80d885173dd7.mp3?hdnea=exp=1760497625~acl=/api/1/1/5/0/4/0/504ba26d2624018d26cb80d885173dd7.mp3*~data=user_id=0,application_id=42~hmac=8eee4883d88ad6ba03b6165bbf69e8212ea11e07af8a5d6abf1500b030b3a759"
561813,Eurythmics,Peace Is Just A Word (Remastered Version),would_create,"https://cdnt-preview.dzcdn.net/api/1/1/0/2/a/0/02a98c33733820d0aab22ddde55a888c.mp3?hdnea=exp=1760497625~acl=/api/1/1/0/2/a/0/02a98c33733820d0aab22ddde55a888c.mp3*~data=user_id=0,application_id=42~hmac=3acd6b4761222311243f64dc54317e0f7a8ce438949223ee5568ad236cdd1b44"
561814,Eurythmics,I've Tried Everything (Remastered Version),would_create,"https://cdnt-preview.dzcdn.net/api/1/1/0/0/1/0/001fc215057d4c2a8df7d9c3dcecbc06.mp3?hdnea=exp=1760497625~acl=/api/1/1/0/0/1/0/001fc215057d4c2a8df7d9c3dcecbc06.mp3*~data=user_id=0,application_id=42~hmac=0bdae08627b36ef67ee91ba1c4d6e26d70080131f999ad22578a8e3d32413f50"
561815,Eurythmics,Lifted (Remastered Version),would_create,"https://cdnt-preview.dzcdn.net/api/1/1/1/1/6/0/1161a57258b88bf0eb964f9b5c132f60.mp3?hdnea=exp=1760497626~acl=/api/1/1/1/1/6/0/1161a57258b88bf0eb964f9b5c132f60.mp3*~data=user_id=0,application_id=42~hmac=978dde7f9783e77cbfa1aa51e1bd861b7bc43e9f250d6ad198936e17cacb2377"
561827,Eurythmics,Anything But Strong (Remastered Version),would_create,"https://cdnt-preview.dzcdn.net/api/1/1/b/1/f/0/b1f705037e709efcbbf1e7af0c201f2d.mp3?hdnea=exp=1760497626~acl=/api/1/1/b/1/f/0/b1f705037e709efcbbf1e7af0c201f2d.mp3*~data=user_id=0,application_id=42~hmac=6f074c0f294f52c19e8c6d952219d442938b1848da693457afc7bb4e4511fca8"
561836,Eurythmics,Sweet Dreams (Are Made of This) (2005 Remaster),would_create,"https://cdnt-preview.dzcdn.net/api/1/1/c/7/6/0/c762b853f6084e40164035a67f8c2e67.mp3?hdnea=exp=1760497627~acl=/api/1/1/c/7/6/0/c762b853f6084e40164035a67f8c2e67.mp3*~data=user_id=0,application_id=42~hmac=2d1bd04f629ab0ea502746db26282f12b7d75dd3bb962eeb9c57b470897e8c0a"
561854,Eurythmics,Brand New Day (Remastered Version),would_create,"https://cdnt-preview.dzcdn.net/api/1/1/b/3/c/0/b3c31b724d087a7cc57791a5f7021731.mp3?hdnea=exp=1760497627~acl=/api/1/1/b/3/c/0/b3c31b724d087a7cc57791a5f7021731.mp3*~data=user_id=0,application_id=42~hmac=d7e878b0648cbbcb1470be6b94754a87babfc4a58f6c5a0be649adb68b61bf87"
561857,Eurythmics,I Need You (Live / Remastered Version),would_create,"https://cdnt-preview.dzcdn.net/api/1/1/9/a/7/0/9a7515589d0e17e92b6e5351b57fc78c.mp3?hdnea=exp=1760497628~acl=/api/1/1/9/a/7/0/9a7515589d0e17e92b6e5351b57fc78c.mp3*~data=user_id=0,application_id=42~hmac=0a676fd3e0afb161645464c57214f9e966dfcea4e8943e4084f7e75bffa02c61"
561862,Eurythmics,Put The Blame On Me (Remastered Version),would_create,"https://cdnt-preview.dzcdn.net/api/1/1/3/a/7/0/3a7f438657b830c3cd8c36bb1b865cde.mp3?hdnea=exp=1760497629~acl=/api/1/1/3/a/7/0/3a7f438657b830c3cd8c36bb1b865cde.mp3*~data=user_id=0,application_id=42~hmac=8926466a7f7a95002b98907e3867cd142c8a68136a75f1110fa836a6d2d75e82"
561993,Jamie Foxx,Can I Take U Home (Main),would_create,"https://cdnt-preview.dzcdn.net/api/1/1/a/d/f/0/adf341025348b6361765f883312d94d0.mp3?hdnea=exp=1760497631~acl=/api/1/1/a/d/f/0/adf341025348b6361765f883312d94d0.mp3*~data=user_id=0,application_id=42~hmac=898e875c32bddb2d57a1be01300ac56209745f3997c210699e30c4bf813dcef3"
561997,Jamie Foxx,Do What It Do,deezer_not_found,
561998,Jamie Foxx,Storm (Forecass),deezer_not_found,
562000,Jamie Foxx,Heaven,deezer_not_found,
562001,Jamie Foxx,Wish U Were Here,deezer_not_found,
562485,Shakira,How Do You Do,deezer_not_found,
562488,Shakira,Animal City,deezer_not_found,
562489,Shakira,Don't Bother,deezer_not_found,
562493,Shakira,Your Embrace,deezer_not_found,
562494,Shakira,Costume Makes the Clown,deezer_not_found,
