dzr,artist,title,status
213754,Dark Tranquillity,Insanity's Crescendo,exists
216752,Anorexia Nervosa,Stabat Mater Dolorosa,exists
239138,Jimmy Witherspoon,Ain't Nobody's Business,exists
254391,Uniting Nations,Out of touch (Radio Edit),exists
266313,The Walkmen,Brandy alexander,exists
283306,Duke Ellington,Caravan,exists
286183,Art Tatum,Tea for two,exists
301623,Ella Fitzgerald,Lullaby of Birdland,exists
327203,cLOUDDEAD,Pop Song,exists
327207,cLOUDDEAD,Son Of A Gun,exists
364962,Boney M,Rasputin,exists
365070,Leona Lewis,Better in Time,exists
365073,Leona Lewis,I Will Be,exists
365137,Leona Lewis,Bleeding Love,exists
365268,Mario,How Do I Breathe,exists
519036,Great Lake Swimmers,The Man With No Skin,exists
519039,Great Lake Swimmers,I Will Never See the Sun,exists
519111,Great Lake Swimmers,Bodies and Minds,exists
519113,Great Lake Swimmers,Falling Into the Sky,exists
