id,title,artist,found_preview_url
1,Demo Track 1,Demo Artist,"https://cdnt-preview.dzcdn.net/api/1/1/5/b/a/0/5bad601874af5b939d552f707f31fc93.mp3?hdnea=exp=1760062807~acl=/api/1/1/5/b/a/0/5bad601874af5b939d552f707f31fc93.mp3*~data=user_id=0,application_id=42~hmac=198e6985b6de7415522aabb8145e2316b2abe8776b2799f2c53e96138d2d82d4"
87138,My Funny Valentine (Live),Chet Baker,"https://cdnt-preview.dzcdn.net/api/1/1/7/4/6/0/7464d0b679810c699160d2cc5a8658a6.mp3?hdnea=exp=1760062807~acl=/api/1/1/7/4/6/0/7464d0b679810c699160d2cc5a8658a6.mp3*~data=user_id=0,application_id=42~hmac=5288f860c917e382ff35dec6dea85c1a7d5a0ed0fec9c7c8911439078de1eb59"
87139,out of body,Khalid,"https://cdnt-preview.dzcdn.net/api/1/1/a/a/e/0/aae93705cc992e07b681034a2ac4caf8.mp3?hdnea=exp=1760062808~acl=/api/1/1/a/a/e/0/aae93705cc992e07b681034a2ac4caf8.mp3*~data=user_id=0,application_id=42~hmac=2e2cbb96bc36ffcb0619b21a56fba0d8bf6766df5e47b4c2a1ecac837aaaaf63"
87140,Golden,HUNTR/X,"https://cdnt-preview.dzcdn.net/api/1/1/4/2/4/0/4248b99b2d0450e4cb0e4c811e422d1b.mp3?hdnea=exp=1760062809~acl=/api/1/1/4/2/4/0/4248b99b2d0450e4cb0e4c811e422d1b.mp3*~data=user_id=0,application_id=42~hmac=eb1fafc99120898dce99b58042a8c7d38e057bf2012b6e09838a24636f7fb20d"
87141,Cheap Thrills (feat. Sean Paul),Sia,"https://cdnt-preview.dzcdn.net/api/1/1/e/8/6/0/e866403b8d6ca920e2eddb25e8e78f43.mp3?hdnea=exp=1760062809~acl=/api/1/1/e/8/6/0/e866403b8d6ca920e2eddb25e8e78f43.mp3*~data=user_id=0,application_id=42~hmac=d5fcc409bf88fea4ab3a26e63ffa3abac73001ac32cb4a7a586056ea3d37f195"
87142,1950,King Princess,"https://cdnt-preview.dzcdn.net/api/1/1/7/4/8/0/7486cfb8a53a405719bfccd609bd94cc.mp3?hdnea=exp=1760062810~acl=/api/1/1/7/4/8/0/7486cfb8a53a405719bfccd609bd94cc.mp3*~data=user_id=0,application_id=42~hmac=1922730097bc426cc738f5af0ccea4c5550b77fa655fed97dfc7dc52faf8d5d2"
87143,La vie de rêve,Jul,"https://cdnt-preview.dzcdn.net/api/1/1/3/7/e/0/37e44c15977b59a0b7741ab6c1011747.mp3?hdnea=exp=1760062810~acl=/api/1/1/3/7/e/0/37e44c15977b59a0b7741ab6c1011747.mp3*~data=user_id=0,application_id=42~hmac=f64783c2d47fa351e885a1cb38ac1d48be8bcaca2ccc3f645e29ee5febbedc6e"
87144,Slow Dancing (Piano Ver.),V,"https://cdnt-preview.dzcdn.net/api/1/1/2/d/8/0/2d806cdb834991f646f97bfc7b89cb24.mp3?hdnea=exp=1760062811~acl=/api/1/1/2/d/8/0/2d806cdb834991f646f97bfc7b89cb24.mp3*~data=user_id=0,application_id=42~hmac=5148019a63866788e6b9d2774e1539ad9d9fa1392ea99606359b9196af2a39ec"
87145,Love Me Again,V,"https://cdnt-preview.dzcdn.net/api/1/1/8/1/c/0/81c1f458ceb70f4034481413df01b557.mp3?hdnea=exp=1760062811~acl=/api/1/1/8/1/c/0/81c1f458ceb70f4034481413df01b557.mp3*~data=user_id=0,application_id=42~hmac=f76638ed3a9fb29c0d40e01ba63763a89bdf0df5ef0189e3c29a975e2e66332c"
87146,Slow Dancing (Cautious Clay Remix),V,"https://cdnt-preview.dzcdn.net/api/1/1/5/5/f/0/55ff63a6d5145f21dbb84990342f8175.mp3?hdnea=exp=1760062812~acl=/api/1/1/5/5/f/0/55ff63a6d5145f21dbb84990342f8175.mp3*~data=user_id=0,application_id=42~hmac=5432782fcbbdbb6ba55517fbeb9ccc9879ec974006e7ce794da1abe992f44fb1"
87147,Slow Dancing,V,"https://cdnt-preview.dzcdn.net/api/1/1/d/d/f/0/ddf9fe17aa5c42638c5384488d011ff8.mp3?hdnea=exp=1760062812~acl=/api/1/1/d/d/f/0/ddf9fe17aa5c42638c5384488d011ff8.mp3*~data=user_id=0,application_id=42~hmac=dc6513737110ef1c637a52c1cf4a44303e6cd6bfcae862ca96d36f14248ede11"
87148,Rainy Days,V,"https://cdnt-preview.dzcdn.net/api/1/1/3/4/0/0/3403c7d942722b86e41da7ee38d82bcd.mp3?hdnea=exp=1760062813~acl=/api/1/1/3/4/0/0/3403c7d942722b86e41da7ee38d82bcd.mp3*~data=user_id=0,application_id=42~hmac=b07998a765016d9cae809a9fa88ab549c3fcd19c8e1f93001e6dcbc9dab1ac23"
87149,Blue,V,"https://cdnt-preview.dzcdn.net/api/1/1/3/9/b/0/39b255415f97794539c9036fdc2d672e.mp3?hdnea=exp=1760062814~acl=/api/1/1/3/9/b/0/39b255415f97794539c9036fdc2d672e.mp3*~data=user_id=0,application_id=42~hmac=f37ce4d9d4726e8228806c527e485270c9cddba56811a30f900ce11491257f18"
87150,Slow Dancing (FRNK Remix),V,"https://cdnt-preview.dzcdn.net/api/1/1/4/9/e/0/49e1ae31b50e0ecc5bc01c64919b51db.mp3?hdnea=exp=1760062814~acl=/api/1/1/4/9/e/0/49e1ae31b50e0ecc5bc01c64919b51db.mp3*~data=user_id=0,application_id=42~hmac=1b58d1fc05125041ec4e55b65f87261ae3fc6d0ac01aff6ab85e0e6acb420e52"
87151,Je le savais,Jul,"https://cdnt-preview.dzcdn.net/api/1/1/c/7/f/0/c7f25a56560c80179c637c4408c38e4d.mp3?hdnea=exp=1760062815~acl=/api/1/1/c/7/f/0/c7f25a56560c80179c637c4408c38e4d.mp3*~data=user_id=0,application_id=42~hmac=4af1bea88f291454e0709cdf7a109de889f1709c0db0e6fe5b1adb5e6d5c7770"
87152,It′s Definitely You,V,"https://cdnt-preview.dzcdn.net/api/1/1/a/8/6/0/a8615be9dcd511ed0c2d33760ea826fa.mp3?hdnea=exp=1760062815~acl=/api/1/1/a/8/6/0/a8615be9dcd511ed0c2d33760ea826fa.mp3*~data=user_id=0,application_id=42~hmac=9fb257c797dcb2c677e1deeaa5970b18499e36c734aedbfca3de4348b66bf13e"
87153,Scenery,V,"https://cdnt-preview.dzcdn.net/api/1/1/a/6/7/0/a67c8a97018671349ce1353eb9e3f97a.mp3?hdnea=exp=1760062816~acl=/api/1/1/a/6/7/0/a67c8a97018671349ce1353eb9e3f97a.mp3*~data=user_id=0,application_id=42~hmac=13c5ec9118c08efaa71357c00ea54d3e536e44a6a0addacd94475feccf5176ac"
87154,For Us,V,"https://cdnt-preview.dzcdn.net/api/1/1/3/9/a/0/39a0fb44ec1fb6deb0bf6bd505a0275a.mp3?hdnea=exp=1760062816~acl=/api/1/1/3/9/a/0/39a0fb44ec1fb6deb0bf6bd505a0275a.mp3*~data=user_id=0,application_id=42~hmac=6c89774f9ae92a41ffeaa80af06cc764e1326f66c4a75c33d4fb1a88c6cf19cf"
87155,Winter Bear,V,"https://cdnt-preview.dzcdn.net/api/1/1/4/d/2/0/4d2c8120f49de3bc5d5df4bd7bb6a0d4.mp3?hdnea=exp=1760062817~acl=/api/1/1/4/d/2/0/4d2c8120f49de3bc5d5df4bd7bb6a0d4.mp3*~data=user_id=0,application_id=42~hmac=2582b1eec369b2f2349ade5b69581dc34b0c6615d4a104b65a0fab1df3df1ab2"
87156,undressed,sombr,"https://cdnt-preview.dzcdn.net/api/1/1/a/1/2/0/a12095a64460aaa3f03c427759a37f34.mp3?hdnea=exp=1760062817~acl=/api/1/1/a/1/2/0/a12095a64460aaa3f03c427759a37f34.mp3*~data=user_id=0,application_id=42~hmac=7390d2074efa6756c8658ce9a5f91692e9ddc17d03b12932cd5ada94dc4dabc7"
87157,Sweet Night,V,"https://cdnt-preview.dzcdn.net/api/1/1/f/0/d/0/f0df06901141079b20523572257b77b6.mp3?hdnea=exp=1760062818~acl=/api/1/1/f/0/d/0/f0df06901141079b20523572257b77b6.mp3*~data=user_id=0,application_id=42~hmac=6349129703e9907bebffa5b904320b6c523de830a2a2429b4c5b78f036dea741"
87158,Soda Pop,Saja Boys,"https://cdnt-preview.dzcdn.net/api/1/1/6/2/2/0/622d75eadf31d3586dbf7e7b44b9f161.mp3?hdnea=exp=1760062819~acl=/api/1/1/6/2/2/0/622d75eadf31d3586dbf7e7b44b9f161.mp3*~data=user_id=0,application_id=42~hmac=1c00eecf1e5b63a48209b69a1c7e9c3ca13f45a2dfa04d8282d366e547d3fd8b"
87159,Christmas Tree,V,"https://cdnt-preview.dzcdn.net/api/1/1/4/a/2/0/4a2355285fe188a6bd249cab0f19a236.mp3?hdnea=exp=1760062819~acl=/api/1/1/4/a/2/0/4a2355285fe188a6bd249cab0f19a236.mp3*~data=user_id=0,application_id=42~hmac=dafd4a85162c3805a7754461004b99b3e520229e161be02fc72f75c26e7d7cf9"
87160,A grand love theme,Kid Loco,"https://cdnt-preview.dzcdn.net/api/1/1/1/0/2/0/1020f1a450c5dd3b838fd2d5f5453b5a.mp3?hdnea=exp=1760062820~acl=/api/1/1/1/0/2/0/1020f1a450c5dd3b838fd2d5f5453b5a.mp3*~data=user_id=0,application_id=42~hmac=b84e2297983e32252b987ff15c7cee214e411a41354a1b35ad19f3da2f4d7aef"
87161,"CAN'T STOP THE FEELING! (from DreamWorks Animation's ""TROLLS"")",Justin Timberlake,"https://cdnt-preview.dzcdn.net/api/1/1/9/4/b/0/94b08535e1d86650c891c720af3aa77a.mp3?hdnea=exp=1760062820~acl=/api/1/1/9/4/b/0/94b08535e1d86650c891c720af3aa77a.mp3*~data=user_id=0,application_id=42~hmac=14f02dd15cfdc27ef3cea730b44d5708bd76256db485dba347776c231cd90e16"
87162,Okay,MC Solaar,"https://cdnt-preview.dzcdn.net/api/1/1/c/1/d/0/c1dfb44d4b7b7d745142dd701f69301b.mp3?hdnea=exp=1760062821~acl=/api/1/1/c/1/d/0/c1dfb44d4b7b7d745142dd701f69301b.mp3*~data=user_id=0,application_id=42~hmac=c3b25eeb1d66fb1b24d045dd3f24bf903ab2c3677d8452b18093d586e60daef1"
87163,wherever u r (ft. V of BTS),UMI,"https://cdnt-preview.dzcdn.net/api/1/1/f/2/5/0/f25766bb9eb0be56549c6aa3587faaf7.mp3?hdnea=exp=1760062821~acl=/api/1/1/f/2/5/0/f25766bb9eb0be56549c6aa3587faaf7.mp3*~data=user_id=0,application_id=42~hmac=973b01edb36d167c62de204e3104dc8da5b0db725d2c27a3dfd82bacc996f08b"
87164,Snow Flower (feat. Peakboy),V,"https://cdnt-preview.dzcdn.net/api/1/1/9/5/7/0/95780f8579527e7e7d3c5f2e7b23bdff.mp3?hdnea=exp=1760062822~acl=/api/1/1/9/5/7/0/95780f8579527e7e7d3c5f2e7b23bdff.mp3*~data=user_id=0,application_id=42~hmac=483264697dfb07514b56423645be56abca3adc0e4a3edb15d8374e30998d3d09"
87165,Мать-земля (Funeral Flowers Remix),SIVERNOT,"https://cdnt-preview.dzcdn.net/api/1/1/c/0/1/0/c01c34abe3828051e5121611c5f7eb53.mp3?hdnea=exp=1760062823~acl=/api/1/1/c/0/1/0/c01c34abe3828051e5121611c5f7eb53.mp3*~data=user_id=0,application_id=42~hmac=92dbfffca15bd3ea8e9f049e24adcff1729a0fd09035c0e695e9f16b026242b9"
87166,Different Type of Love (feat. Masicka),Mahalia,"https://cdnt-preview.dzcdn.net/api/1/1/4/b/0/0/4b07b7b2e7c9a41797ef579b2ca6d108.mp3?hdnea=exp=1760062823~acl=/api/1/1/4/b/0/0/4b07b7b2e7c9a41797ef579b2ca6d108.mp3*~data=user_id=0,application_id=42~hmac=50431910fd67031e306f052f56510f362260ca666084a0941b7dc323a3039b62"
87167,Un monde à l'autre,GP Explorer,"https://cdnt-preview.dzcdn.net/api/1/1/4/e/4/0/4e49031b26e757e8788eb2b64f44407f.mp3?hdnea=exp=1760062824~acl=/api/1/1/4/e/4/0/4e49031b26e757e8788eb2b64f44407f.mp3*~data=user_id=0,application_id=42~hmac=26acbe465286c007cef2fc567d5fc82df71720f0e9e53c4fbc5581d35ca5fef6"
87168,How It’s Done,HUNTR/X,"https://cdnt-preview.dzcdn.net/api/1/1/7/3/5/0/735284bd0bce17bd5a972d24ca4b2303.mp3?hdnea=exp=1760062824~acl=/api/1/1/7/3/5/0/735284bd0bce17bd5a972d24ca4b2303.mp3*~data=user_id=0,application_id=42~hmac=5253dec576f23faf6a06db5ea817d758d998cc989f6ff40b9c267c634a59c01d"
87169,Quelques centimes,Marie-Flore,"https://cdnt-preview.dzcdn.net/api/1/1/5/3/1/0/531db1be201ad9143a6b0a0fcba4abb4.mp3?hdnea=exp=1760062825~acl=/api/1/1/5/3/1/0/531db1be201ad9143a6b0a0fcba4abb4.mp3*~data=user_id=0,application_id=42~hmac=e749d7bc904481962fbbeb013d6663a6f1b2785d988e774e4447a44731badd21"
87170,I Belong In Your Arms,Chairlift,"https://cdnt-preview.dzcdn.net/api/1/1/b/c/a/0/bca8ae5718e5af77b027114faf75eeba.mp3?hdnea=exp=1760062825~acl=/api/1/1/b/c/a/0/bca8ae5718e5af77b027114faf75eeba.mp3*~data=user_id=0,application_id=42~hmac=4b97ad8b6c41febe027c1dd5e551b0f62b4af3f7c22608f07e44af3ac3a780dc"
87171,Mahika,Adie,"https://cdnt-preview.dzcdn.net/api/1/1/e/e/2/0/ee23687d31582c07bb0a82c724cd63b8.mp3?hdnea=exp=1760062826~acl=/api/1/1/e/e/2/0/ee23687d31582c07bb0a82c724cd63b8.mp3*~data=user_id=0,application_id=42~hmac=3a4720179f8ac276c1b8d2ed16230940564866c25c5ea171dd4a9c3e4307b947"
87172,You're All I Need To Get By,Marvin Gaye,"https://cdnt-preview.dzcdn.net/api/1/1/c/4/1/0/c41d9414a6676d91c037a2e903c35331.mp3?hdnea=exp=1760062826~acl=/api/1/1/c/4/1/0/c41d9414a6676d91c037a2e903c35331.mp3*~data=user_id=0,application_id=42~hmac=b9737cbcf211c8da2fe7bdb9d9866865326f6a2cbf694d8a678fc26796a79a80"
87173,Love Me Not,Ravyn Lenae,"https://cdnt-preview.dzcdn.net/api/1/1/6/6/c/0/66c749bb1dba9587c4fd2fff30b0c89a.mp3?hdnea=exp=1760062827~acl=/api/1/1/6/6/c/0/66c749bb1dba9587c4fd2fff30b0c89a.mp3*~data=user_id=0,application_id=42~hmac=8aea47c10668cc0c33d159e869678e116d38a0808dbf51f0c332e1755d1c69db"
87174,Smooth (feat. Rob Thomas),Santana,"https://cdnt-preview.dzcdn.net/api/1/1/0/6/6/0/066818622bab6266aa80190fa52124cc.mp3?hdnea=exp=1760062827~acl=/api/1/1/0/6/6/0/066818622bab6266aa80190fa52124cc.mp3*~data=user_id=0,application_id=42~hmac=06afa4a08ca0434b85cadf73da69bd328e907ceb8cc071924418de35985c67c6"
87175,Ordinary,Alex Warren,"https://cdnt-preview.dzcdn.net/api/1/1/5/9/7/0/597a83bc1aad2dc52435b507c1e81ca4.mp3?hdnea=exp=1760062828~acl=/api/1/1/5/9/7/0/597a83bc1aad2dc52435b507c1e81ca4.mp3*~data=user_id=0,application_id=42~hmac=664a764e5a0f62c1fba7918b7b3dfcd9c11ca7cef425b574fd75560160c46c07"
87176,Soda Pop (version française),Saja Boys,"https://cdnt-preview.dzcdn.net/api/1/1/6/2/2/0/622d75eadf31d3586dbf7e7b44b9f161.mp3?hdnea=exp=1760062829~acl=/api/1/1/6/2/2/0/622d75eadf31d3586dbf7e7b44b9f161.mp3*~data=user_id=0,application_id=42~hmac=342862cb72b82862943bec33a6149b81c4fdc205b4655f71faa176920501f818"
87177,Get Lucky (Radio Edit - feat. Pharrell Williams and Nile Rodgers),Daft Punk,"https://cdnt-preview.dzcdn.net/api/1/1/1/b/f/0/1bf80a82992903ff685ba1b7275223f8.mp3?hdnea=exp=1760062829~acl=/api/1/1/1/b/f/0/1bf80a82992903ff685ba1b7275223f8.mp3*~data=user_id=0,application_id=42~hmac=7d2d439008b78fc068dd4c4fe86ac338a06abda9d0649d6c9cbb6450ee3f76ff"
87178,Europa,Jul,"https://cdnt-preview.dzcdn.net/api/1/1/a/5/d/0/a5dd12276aabcb86d5e6bca7917f2ae6.mp3?hdnea=exp=1760062830~acl=/api/1/1/a/5/d/0/a5dd12276aabcb86d5e6bca7917f2ae6.mp3*~data=user_id=0,application_id=42~hmac=4bdbfceae378ff0db31d63d95617ee576f156b24fd28c4583daa5312b87b230a"
87179,I'm This,Peter Cat Recording Co.,"https://cdnt-preview.dzcdn.net/api/1/1/a/1/9/0/a194e1eec19ce9882c35554b486a8032.mp3?hdnea=exp=1760062830~acl=/api/1/1/a/1/9/0/a194e1eec19ce9882c35554b486a8032.mp3*~data=user_id=0,application_id=42~hmac=2f2542f7f510d1bdaec7edbf2ec57248a05de9004cfddd6b29f979722ecacd10"
87180,(White Man) in Hammersmith Palais,The Clash,"https://cdnt-preview.dzcdn.net/api/1/1/e/8/6/0/e86f2a9ee30f3927c0285c256c0467c2.mp3?hdnea=exp=1760062831~acl=/api/1/1/e/8/6/0/e86f2a9ee30f3927c0285c256c0467c2.mp3*~data=user_id=0,application_id=42~hmac=dd31094908d4a3e186270f75d19f3709fcda45ad2c90a58a019b53196de9a25b"
87181,Nantes,Beirut,"https://cdnt-preview.dzcdn.net/api/1/1/5/9/0/0/5903283152c1b212ed2e3c7b8b803c19.mp3?hdnea=exp=1760062831~acl=/api/1/1/5/9/0/0/5903283152c1b212ed2e3c7b8b803c19.mp3*~data=user_id=0,application_id=42~hmac=97fe7315afcdfde6b28c3f5b2acfe979b01b0d00bd057b604c21093652607185"
87182,Skyfall,Adele,"https://cdnt-preview.dzcdn.net/api/1/1/e/2/6/0/e26bc2264f5f33f2587b0f5cc0b3b54e.mp3?hdnea=exp=1760062832~acl=/api/1/1/e/2/6/0/e26bc2264f5f33f2587b0f5cc0b3b54e.mp3*~data=user_id=0,application_id=42~hmac=58e814acb8825730ef222099e2bf70189dfac721825441f319d163fd674c9d94"
87183,"У друзей нет выходных (из мультфильма ""Барбарики"")",Барбарики,"https://cdnt-preview.dzcdn.net/api/1/1/9/7/a/0/97a6c94d0bda14fbf3341ce4604f2e4f.mp3?hdnea=exp=1760062832~acl=/api/1/1/9/7/a/0/97a6c94d0bda14fbf3341ce4604f2e4f.mp3*~data=user_id=0,application_id=42~hmac=cf383d1bf53e647e6c4f6adb80783d0db5c92a8cdd7c7eb6b070e2a76a00fd9d"
87184,You Are the Right One,Sports,"https://cdnt-preview.dzcdn.net/api/1/1/3/1/2/0/312241ca7e3c3f370f15798cbbea3ff4.mp3?hdnea=exp=1760062833~acl=/api/1/1/3/1/2/0/312241ca7e3c3f370f15798cbbea3ff4.mp3*~data=user_id=0,application_id=42~hmac=c476863425e9004774bc4dcb649467fd87769d5d8c753209b3109e660eae40b8"
87185,Haunted,Beyoncé,"https://cdnt-preview.dzcdn.net/api/1/1/a/4/b/0/a4b3fe3c81b7484269798d3889f4fdd0.mp3?hdnea=exp=1760062834~acl=/api/1/1/a/4/b/0/a4b3fe3c81b7484269798d3889f4fdd0.mp3*~data=user_id=0,application_id=42~hmac=746de0fe1cb7a8733991c7c1941aad6fc338f1275865d7e75aff006a1cb4c69b"
87186,Let's Get Lost,Fay Claassen,"https://cdnt-preview.dzcdn.net/api/1/1/f/3/3/0/f336b4cac6d440a62e54767a629249ac.mp3?hdnea=exp=1760062834~acl=/api/1/1/f/3/3/0/f336b4cac6d440a62e54767a629249ac.mp3*~data=user_id=0,application_id=42~hmac=c8f59816dd34d49299bc4fd1af5b40a23fe425dfdce7fbe2e0ecb5ac77743a2e"
87187,Instant Crush (feat. Julian Casablancas),Daft Punk,"https://cdnt-preview.dzcdn.net/api/1/1/d/6/b/0/d6bc80aadfa1d7625d59a6620f229371.mp3?hdnea=exp=1760062835~acl=/api/1/1/d/6/b/0/d6bc80aadfa1d7625d59a6620f229371.mp3*~data=user_id=0,application_id=42~hmac=c31f7a845d9a71b1596d3be737196aacb9b0cb63ee30828bec59957f46ff5625"
87188,Veridis Quo,Daft Punk,"https://cdnt-preview.dzcdn.net/api/1/1/6/4/5/0/6456b666c0b1d4537e34d71e5cbd098c.mp3?hdnea=exp=1760062835~acl=/api/1/1/6/4/5/0/6456b666c0b1d4537e34d71e5cbd098c.mp3*~data=user_id=0,application_id=42~hmac=2a6d98037cf7ff896a9c616827047fc7402d46e00b3456cb993e0f3505f2bf06"
87189,One More Time,Daft Punk,"https://cdnt-preview.dzcdn.net/api/1/1/f/8/c/0/f8c5dc3837912dba37c9a1ab3170cc3f.mp3?hdnea=exp=1760062836~acl=/api/1/1/f/8/c/0/f8c5dc3837912dba37c9a1ab3170cc3f.mp3*~data=user_id=0,application_id=42~hmac=0fc2ff6ebc476d946c4709321b609b575e97551d2a5f78440f97ae92e8c6e6a9"
87190,Around the World,Daft Punk,"https://cdnt-preview.dzcdn.net/api/1/1/a/4/7/0/a47dbed01e6d9b0ac4e39a134f745ca2.mp3?hdnea=exp=1760062836~acl=/api/1/1/a/4/7/0/a47dbed01e6d9b0ac4e39a134f745ca2.mp3*~data=user_id=0,application_id=42~hmac=2865618470eaede77d7925e240039aa351c7525d8bc67887280075b90c0164f2"
87191,Get Lucky (feat. Pharrell Williams and Nile Rodgers),Daft Punk,"https://cdnt-preview.dzcdn.net/api/1/1/1/b/f/0/1bf80a82992903ff685ba1b7275223f8.mp3?hdnea=exp=1760062837~acl=/api/1/1/1/b/f/0/1bf80a82992903ff685ba1b7275223f8.mp3*~data=user_id=0,application_id=42~hmac=ff06edae40f77e5c4fc6ceaca9745ff4ef28bce741d595265b39ba8247b597f5"
87192,"Harder, Better, Faster, Stronger",Daft Punk,"https://cdnt-preview.dzcdn.net/api/1/1/c/4/d/0/c4d7dbe3524ba59d2ad06d8cccd2484f.mp3?hdnea=exp=1760062837~acl=/api/1/1/c/4/d/0/c4d7dbe3524ba59d2ad06d8cccd2484f.mp3*~data=user_id=0,application_id=42~hmac=d976b2198ef3b833a1e7949a90fb676c4a911e378d3a9506affd53d974eafec5"
87193,Da Funk,Daft Punk,"https://cdnt-preview.dzcdn.net/api/1/1/7/6/8/0/76889b34d1906099d7b365b8573e4ea7.mp3?hdnea=exp=1760062838~acl=/api/1/1/7/6/8/0/76889b34d1906099d7b365b8573e4ea7.mp3*~data=user_id=0,application_id=42~hmac=a70e4a99167746863f27858e51bd04b70ca94ab6b1bdd3fe377dc3ce96a687de"
87194,Lose Yourself to Dance (feat. Pharrell Williams),Daft Punk,"https://cdnt-preview.dzcdn.net/api/1/1/e/5/3/0/e53185570f71c51bf4903d1e78ed5348.mp3?hdnea=exp=1760062839~acl=/api/1/1/e/5/3/0/e53185570f71c51bf4903d1e78ed5348.mp3*~data=user_id=0,application_id=42~hmac=0fa6443fe59ef01a094522251ab5326a7f03058f387e9f93fa4afba2f8207057"
87195,Something About Us,Daft Punk,"https://cdnt-preview.dzcdn.net/api/1/1/c/f/f/0/cff7c95e11ba9f6ac3ff0401a81df4f5.mp3?hdnea=exp=1760062839~acl=/api/1/1/c/f/f/0/cff7c95e11ba9f6ac3ff0401a81df4f5.mp3*~data=user_id=0,application_id=42~hmac=569e569dcfd0f8402352b62f42c5ced1adbce312bc1951f289cd17f852c368c5"
87196,Giorgio by Moroder,Daft Punk,"https://cdnt-preview.dzcdn.net/api/1/1/2/2/6/0/226a352b5354e78a964d5dad5875ded9.mp3?hdnea=exp=1760062840~acl=/api/1/1/2/2/6/0/226a352b5354e78a964d5dad5875ded9.mp3*~data=user_id=0,application_id=42~hmac=6c1f6e9dc14cd6cc6e4c921eef771e066a811d22c4a65fbc13a3a6d91f030c87"
87197,Aerodynamic,Daft Punk,"https://cdnt-preview.dzcdn.net/api/1/1/6/9/9/0/699d41611cf0280f0a55c8ba4a372c14.mp3?hdnea=exp=1760062840~acl=/api/1/1/6/9/9/0/699d41611cf0280f0a55c8ba4a372c14.mp3*~data=user_id=0,application_id=42~hmac=d06d2b158229769f22d307047816ad1a25f075ab290989829a7062f67939f21f"
87198,Digital Love,Daft Punk,"https://cdnt-preview.dzcdn.net/api/1/1/9/e/9/0/9e9f1086d844a1e5eef43ba230c508a9.mp3?hdnea=exp=1760062841~acl=/api/1/1/9/e/9/0/9e9f1086d844a1e5eef43ba230c508a9.mp3*~data=user_id=0,application_id=42~hmac=6e76070ae8272222d20886292675cf07482c4607573f0f1f0089071c45f2d175"
87199,Within,Daft Punk,"https://cdnt-preview.dzcdn.net/api/1/1/1/0/9/0/10972c895bf5b6303939096203323285.mp3?hdnea=exp=1760062841~acl=/api/1/1/1/0/9/0/10972c895bf5b6303939096203323285.mp3*~data=user_id=0,application_id=42~hmac=916302da83da61c1c5f314e4cc32df5efe9d2ae850b23421d99070ddf7700e29"
87200,Give Life Back to Music,Daft Punk,"https://cdnt-preview.dzcdn.net/api/1/1/f/5/7/0/f57885aeb81258994e3d44d33867e85e.mp3?hdnea=exp=1760062842~acl=/api/1/1/f/5/7/0/f57885aeb81258994e3d44d33867e85e.mp3*~data=user_id=0,application_id=42~hmac=8b27d07feafce31c5573c96663ea19a1b5f00c9b59f38a3eca0852d5ada66781"
87201,End of Line,Daft Punk,"https://cdnt-preview.dzcdn.net/api/1/1/7/6/0/0/760dcb19e44e71431728609af07feff7.mp3?hdnea=exp=1760062842~acl=/api/1/1/7/6/0/0/760dcb19e44e71431728609af07feff7.mp3*~data=user_id=0,application_id=42~hmac=1b1277967bf9f46ffe42a01d560625e0d29a82b9378e1b68c67aadb2ee389d2d"
87202,"Around the World / Harder, Better, Faster, Stronger",Daft Punk,"https://cdnt-preview.dzcdn.net/api/1/1/c/0/3/0/c03b2bdb725b92998a9d8da44b616ef4.mp3?hdnea=exp=1760062843~acl=/api/1/1/c/0/3/0/c03b2bdb725b92998a9d8da44b616ef4.mp3*~data=user_id=0,application_id=42~hmac=de79c89bd94a78d59369e7b1ec9a2b03d0f5f9806c4b6636b06da15a6a94d75c"
87203,Fragments of Time (feat. Todd Edwards),Daft Punk,"https://cdnt-preview.dzcdn.net/api/1/1/1/4/0/0/14035d6807f81fd20c5c6c4451be2af2.mp3?hdnea=exp=1760062844~acl=/api/1/1/1/4/0/0/14035d6807f81fd20c5c6c4451be2af2.mp3*~data=user_id=0,application_id=42~hmac=f8e8a28222c5be5894631634f666463db6fd0a9b3abf04977e38ccd561424f3d"
87204,Face to Face,Daft Punk,"https://cdnt-preview.dzcdn.net/api/1/1/b/c/5/0/bc5ffa003d9ccf020a633083738c6ae4.mp3?hdnea=exp=1760062844~acl=/api/1/1/b/c/5/0/bc5ffa003d9ccf020a633083738c6ae4.mp3*~data=user_id=0,application_id=42~hmac=cbefed94a9567e3bf4a14ae2154a5bc272012dee22a00a50dab9abdf9c7f09cb"
87205,The Game of Love,Daft Punk,"https://cdnt-preview.dzcdn.net/api/1/1/4/7/5/0/475fc61bd3272b9036d4ba0e3837451b.mp3?hdnea=exp=1760062845~acl=/api/1/1/4/7/5/0/475fc61bd3272b9036d4ba0e3837451b.mp3*~data=user_id=0,application_id=42~hmac=17c24741a64ca972ad5bd0699376575a5951a3726c4950ac8aa3fe7bb45982ae"
87206,Revolution 909,Daft Punk,"https://cdnt-preview.dzcdn.net/api/1/1/0/c/a/0/0cae6c09cd433adc34351962d128c99d.mp3?hdnea=exp=1760062845~acl=/api/1/1/0/c/a/0/0cae6c09cd433adc34351962d128c99d.mp3*~data=user_id=0,application_id=42~hmac=bdc8cf25d155e3dfa4c4dadd5cd23f0d44b22b0e7a23f8792d3ad8b52b37d275"
87207,Too Long / Steam Machine,Daft Punk,"https://cdnt-preview.dzcdn.net/api/1/1/a/9/1/0/a9142ab4b94aecfc9b8a1cca08e25a12.mp3?hdnea=exp=1760062846~acl=/api/1/1/a/9/1/0/a9142ab4b94aecfc9b8a1cca08e25a12.mp3*~data=user_id=0,application_id=42~hmac=fd7266e96936fbe780fff5b588ef7cb3dd3e35b583253e667b53d87dda24c5ed"
87208,The Son of Flynn,Daft Punk,"https://cdnt-preview.dzcdn.net/api/1/1/0/9/7/0/097d6dd652e04f774adfbf9e21281946.mp3?hdnea=exp=1760062846~acl=/api/1/1/0/9/7/0/097d6dd652e04f774adfbf9e21281946.mp3*~data=user_id=0,application_id=42~hmac=84cc53d0f3768e05fa629c94ee63f7c1c48f29641b9e873d85e4b5c0826089ef"
87209,Make Love,Daft Punk,"https://cdnt-preview.dzcdn.net/api/1/1/2/e/b/0/2ebd18e452ac5f81d68b85028aaaf95a.mp3?hdnea=exp=1760062847~acl=/api/1/1/2/e/b/0/2ebd18e452ac5f81d68b85028aaaf95a.mp3*~data=user_id=0,application_id=42~hmac=8c54023e97bcaeadfe4439eae7a8a3cd35e0b2313ca44e5ff7848679486bb99c"
87210,Crescendolls,Daft Punk,"https://cdnt-preview.dzcdn.net/api/1/1/1/f/6/0/1f65f58dc3cfa276ac6a1ee6f2ffac20.mp3?hdnea=exp=1760062847~acl=/api/1/1/1/f/6/0/1f65f58dc3cfa276ac6a1ee6f2ffac20.mp3*~data=user_id=0,application_id=42~hmac=68db9e99fb2106402c958605bb4b2b5e9d083dc1afd4316cae982d3fad862469"
87211,Superheroes,Daft Punk,"https://cdnt-preview.dzcdn.net/api/1/1/1/b/c/0/1bc57c07bfaf6a265e06ce9574390e0e.mp3?hdnea=exp=1760062848~acl=/api/1/1/1/b/c/0/1bc57c07bfaf6a265e06ce9574390e0e.mp3*~data=user_id=0,application_id=42~hmac=5a6b5563f43489994ed5c3bbfff550797e59c98d167c6b8e761640f6612b2df5"
87212,Too Long,Daft Punk,"https://cdnt-preview.dzcdn.net/api/1/1/8/f/e/0/8fe6827c48cc62fb82fe8e741b0534f4.mp3?hdnea=exp=1760062848~acl=/api/1/1/8/f/e/0/8fe6827c48cc62fb82fe8e741b0534f4.mp3*~data=user_id=0,application_id=42~hmac=18a1c2d5d08ba416a093505a99990a2881ccb949f247f3face50395835af578c"
87213,Beyond,Daft Punk,"https://cdnt-preview.dzcdn.net/api/1/1/8/8/5/0/885c72be5aa016fb7560aa01cd979850.mp3?hdnea=exp=1760062849~acl=/api/1/1/8/8/5/0/885c72be5aa016fb7560aa01cd979850.mp3*~data=user_id=0,application_id=42~hmac=2cfffeec4f0458ff3c00b5dd9b29604f07e4c7bbeec789093bec817bff7096d6"
87214,Motherboard,Daft Punk,"https://cdnt-preview.dzcdn.net/api/1/1/1/b/f/0/1bffd335a2958cbdace9fc6249a6b78e.mp3?hdnea=exp=1760062849~acl=/api/1/1/1/b/f/0/1bffd335a2958cbdace9fc6249a6b78e.mp3*~data=user_id=0,application_id=42~hmac=d1c4e04d7062c562e08943f1c8b2616562ee08fd69b83ed23d5d21eb2b4b63a0"
87215,High Life,Daft Punk,"https://cdnt-preview.dzcdn.net/api/1/1/e/e/a/0/eea4fd9467e697d503998dff44ceeaa3.mp3?hdnea=exp=1760062850~acl=/api/1/1/e/e/a/0/eea4fd9467e697d503998dff44ceeaa3.mp3*~data=user_id=0,application_id=42~hmac=f6a221ec43fc4db80ff413502411154a437391337fb821290d41ff747e8c03ba"
87216,Burnin' / Too Long,Daft Punk,"https://cdnt-preview.dzcdn.net/api/1/1/7/4/1/0/741c6647b6db02205c1f8801313649bc.mp3?hdnea=exp=1760062851~acl=/api/1/1/7/4/1/0/741c6647b6db02205c1f8801313649bc.mp3*~data=user_id=0,application_id=42~hmac=014a663b539f4ca5e147476f4ad6057e34c4e1d97d7928d6363abb3283116dfa"
87217,Around the World (Radio Edit),Daft Punk,"https://cdnt-preview.dzcdn.net/api/1/1/8/3/4/0/834888e6c9cf34528869d5cd0712c9ab.mp3?hdnea=exp=1760062851~acl=/api/1/1/8/3/4/0/834888e6c9cf34528869d5cd0712c9ab.mp3*~data=user_id=0,application_id=42~hmac=f99f15325e6c871426d5eab52890c26be18bf250794dc67f9f7176ca94c6ee31"
87218,Nightvision,Daft Punk,"https://cdnt-preview.dzcdn.net/api/1/1/c/0/6/0/c063dbb3b8f2af8dac3e88950f2e38b0.mp3?hdnea=exp=1760062852~acl=/api/1/1/c/0/6/0/c063dbb3b8f2af8dac3e88950f2e38b0.mp3*~data=user_id=0,application_id=42~hmac=87bd7b333161224a674a6fa09493706b7f7bd9062e7b6c4e4a6eff48fe77a69b"
87219,Rock'n Roll,Daft Punk,"https://cdnt-preview.dzcdn.net/api/1/1/b/c/c/0/bcc9340e3ab9d8b3bf1d14dc11277e19.mp3?hdnea=exp=1760062852~acl=/api/1/1/b/c/c/0/bcc9340e3ab9d8b3bf1d14dc11277e19.mp3*~data=user_id=0,application_id=42~hmac=2916f104f34b2e7dd10cbb0158e43a57631be3f10123ec5cd5209c672a1aca66"
87220,"Aerodynamic Beats / Gabrielle , Forget About the World",Daft Punk,"https://cdnt-preview.dzcdn.net/api/1/1/c/7/4/0/c746d7ae89e4888ce124b9ebe4290aab.mp3?hdnea=exp=1760062853~acl=/api/1/1/c/7/4/0/c746d7ae89e4888ce124b9ebe4290aab.mp3*~data=user_id=0,application_id=42~hmac=1c6b743dc2a157e3e18cb4e7a323a118fdca3dadc619514fd22e679d640e6b38"
87221,Rollin' & Scratchin',Daft Punk,"https://cdnt-preview.dzcdn.net/api/1/1/c/3/f/0/c3fe97452b16f87074f532dd0496cb3e.mp3?hdnea=exp=1760062853~acl=/api/1/1/c/3/f/0/c3fe97452b16f87074f532dd0496cb3e.mp3*~data=user_id=0,application_id=42~hmac=23c346864ea0dbbf74006537113aa5640185e67d9749e2485c3c91ed016e2bc8"
87222,Fresh,Daft Punk,"https://cdnt-preview.dzcdn.net/api/1/1/0/5/b/0/05b2a36d87395c52598042875ab404b5.mp3?hdnea=exp=1760062854~acl=/api/1/1/0/5/b/0/05b2a36d87395c52598042875ab404b5.mp3*~data=user_id=0,application_id=42~hmac=cb3aa5fefeeddd7a02d9c2d4a599fd96ee7253a73097b1057c20eb365f13a220"
87223,Phoenix,Daft Punk,"https://cdnt-preview.dzcdn.net/api/1/1/b/0/d/0/b0d7ed1caaeddaba89c1468f78987bbc.mp3?hdnea=exp=1760062854~acl=/api/1/1/b/0/d/0/b0d7ed1caaeddaba89c1468f78987bbc.mp3*~data=user_id=0,application_id=42~hmac=199424a5459292f71e8be4a114c1285841ade62f260d7eb337e4e23d79fc9dea"
87224,Teachers,Daft Punk,"https://cdnt-preview.dzcdn.net/api/1/1/f/2/d/0/f2d18dfaa34eb416f0ee7b1a742d7418.mp3?hdnea=exp=1760062855~acl=/api/1/1/f/2/d/0/f2d18dfaa34eb416f0ee7b1a742d7418.mp3*~data=user_id=0,application_id=42~hmac=17cf9e72d555ef3e2b9c6c8ec4638fd2343cce0ea89149e62e6340bfea4a8bdb"
87225,High Fidelity,Daft Punk,"https://cdnt-preview.dzcdn.net/api/1/1/c/d/6/0/cd6e1314c1e6ebbef943f9be3c7927b3.mp3?hdnea=exp=1760062855~acl=/api/1/1/c/d/6/0/cd6e1314c1e6ebbef943f9be3c7927b3.mp3*~data=user_id=0,application_id=42~hmac=e540a74fcf9871cb19400b8807b107a406fb6edf713637ff534ae72d2992a439"
87226,Give Life Back to Music (Drumless Edition),Daft Punk,"https://cdnt-preview.dzcdn.net/api/1/1/c/e/b/0/ceba78a900248b543fc16c8a58154ce2.mp3?hdnea=exp=1760062856~acl=/api/1/1/c/e/b/0/ceba78a900248b543fc16c8a58154ce2.mp3*~data=user_id=0,application_id=42~hmac=d762d080aaa682dfd8ca11f8003bb374042504dfdaa6e23dff5659866caeba86"
87227,Indo Silver Club,Daft Punk,"https://cdnt-preview.dzcdn.net/api/1/1/e/6/a/0/e6af93e7a81341d390f790ce02b2b173.mp3?hdnea=exp=1760062857~acl=/api/1/1/e/6/a/0/e6af93e7a81341d390f790ce02b2b173.mp3*~data=user_id=0,application_id=42~hmac=144ce67dfd997c034ae00042c29f98131d64de824e47beacf02fee48c990cdbb"
87228,Musique,Daft Punk,"https://cdnt-preview.dzcdn.net/api/1/1/5/4/4/0/5445a2996b5493ffb5413ba356aa80bc.mp3?hdnea=exp=1760062857~acl=/api/1/1/5/4/4/0/5445a2996b5493ffb5413ba356aa80bc.mp3*~data=user_id=0,application_id=42~hmac=d9f96fd12865b0c754c94e40591bfe36baedd97178681449a5dada8cc0e0a64e"
